id,discipline_class_id,day_of_week,start_time,end_time,class_type,created_at
7a1f937f-532b-4797-a33c-91a30b6578e3,530c21c2-3885-4282-abb7-35732c3a9290,SEX,15:20,17:00,T,2023-07-24 18:08:14.071088
34deb751-f3a0-4e75-baff-5b6f3f90eee8,8f42448f-95af-4150-96f0-78bf65c60acf,SEX,19:00,20:40,T,2023-07-24 18:08:14.071088
d3cb17ff-906d-4abb-824d-d161bff421d6,bb10f60d-858f-4124-a3e1-091364a900a4,SEX,15:20,17:00,T,2023-07-24 18:08:14.071088
5504d49f-7164-4bce-91b9-da44205b8027,f84a5889-9bc3-4068-aa85-3491f2c0edf4,SEX,13:30,15:10,P,2023-07-24 18:08:14.071088
0214a6f5-7b9e-457b-9246-9c0a714a833f,3656441c-8405-4690-9a03-92326b4e0938,SEX,13:30,15:10,P,2023-07-24 18:08:14.071088
0d549e0c-ef64-410e-b4fe-e5d4cc184709,7da42777-0405-455a-828f-0a623e2c8969,QUA,21:00,22:40,P,2023-07-24 18:08:14.071088
7aafbd03-424a-49b8-9926-2e2094703321,b239209e-e698-423c-809a-3bc4f9f40547,QUA,21:00,22:40,P,2023-07-24 18:08:14.071088
11c6d748-c9bb-4b2b-9956-62f03a80aee4,d4ff0ece-6297-4949-9c3c-1c00f25f252f,QUA,13:30,15:10,P,2023-07-24 18:08:14.071088
e98d5809-9932-4922-af04-5f9e522ad17f,5f7e9f0a-f139-4931-b123-118a1db67aca,QUA,13:30,15:10,P,2023-07-24 18:08:14.071088
2b9b77ff-b402-4f8b-86c3-31f9aa4bebb5,878298df-40a7-4100-8e19-ce334cc1852f,TER,13:30,15:10,T,2023-07-24 18:08:14.071088
ade004e4-0e1d-4972-9c72-7fa8c8f0fb2a,878298df-40a7-4100-8e19-ce334cc1852f,QUI,15:20,17:00,T,2023-07-24 18:08:14.071088
c8886956-74de-430d-9f20-5bf2630ee944,3f5a77e8-b85f-4ba4-84ec-e28489007c04,TER,19:00,20:40,T,2023-07-24 18:08:14.071088
a764d93b-82be-456e-b9de-b5a9d5063cc6,3f5a77e8-b85f-4ba4-84ec-e28489007c04,SEX,21:00,22:40,T,2023-07-24 18:08:14.071088
b9fb2691-a7ce-4d9f-a366-7296bf4ed574,04e8546a-5947-4af8-b78e-9a96066e80f5,SEG,15:20,17:00,T,2023-07-24 18:08:14.071088
2dba0bdf-1f32-432e-baff-bb5f41aa19c1,04e8546a-5947-4af8-b78e-9a96066e80f5,QUI,13:30,15:10,T,2023-07-24 18:08:14.071088
f3363d34-a4e8-475e-91bf-a1f8fca481b7,3e706605-fe7b-416a-911f-71c6803f9de2,SEG,13:30,15:10,T,2023-07-24 18:08:14.071088
174bf05f-80cb-4f3c-b67f-03f629cbe10c,3e706605-fe7b-416a-911f-71c6803f9de2,QUA,15:20,17:00,T,2023-07-24 18:08:14.071088
dfc94e36-5e16-4723-9f37-9ae30eec39f6,750af10a-3539-48b0-9c46-0e67598a3b2e,SEG,19:00,20:40,T,2023-07-24 18:08:14.071088
25ffa64c-8703-44fe-9a37-0db366f683d0,750af10a-3539-48b0-9c46-0e67598a3b2e,QUI,21:00,22:40,T,2023-07-24 18:08:14.071088
5be460fc-0d5d-49a6-8eff-c37543caf7fe,8251415b-8e8b-4b8e-83c7-6c55111747b0,TER,15:20,17:00,T,2023-07-24 18:08:14.071088
3dd2d4ac-b98b-43f2-a640-74f622cf9e32,8251415b-8e8b-4b8e-83c7-6c55111747b0,SEX,13:30,15:10,T,2023-07-24 18:08:14.071088
49f435d7-e829-4ee0-a1f1-e6245c805a75,f9cae33e-b8ee-484b-b0d9-5f571529a6bd,TER,21:00,22:40,T,2023-07-24 18:08:14.071088
64c15228-7354-4dcb-b254-a3a4603af4d3,f9cae33e-b8ee-484b-b0d9-5f571529a6bd,QUI,19:00,20:40,T,2023-07-24 18:08:14.071088
fa9d75e2-92a7-42f7-81d3-e4eda3e61494,e098c178-c338-4866-934a-728f057d2533,TER,13:30,15:10,T,2023-07-24 18:08:14.071088
29743afb-3fe8-4356-9aca-74a81b48585b,e098c178-c338-4866-934a-728f057d2533,SEX,15:20,17:00,T,2023-07-24 18:08:14.071088
a0bf7754-185b-411a-a549-18a80ed29cab,ea6f132b-ce73-48b6-9f92-d868ee051c12,TER,19:00,20:40,T,2023-07-24 18:08:14.071088
de1f7a13-e6cd-4602-9ed5-d44d4b915615,ea6f132b-ce73-48b6-9f92-d868ee051c12,QUI,21:00,22:40,T,2023-07-24 18:08:14.071088
46ce43e0-22bc-4e97-a2da-430a94b6f82d,cb6f3781-d43c-48b0-be55-509b60c52498,SEG,13:30,15:10,T,2023-07-24 18:08:14.071088
2b73fbc1-5b98-4d87-b923-00118e2afb11,cb6f3781-d43c-48b0-be55-509b60c52498,QUI,15:20,17:00,T,2023-07-24 18:08:14.071088
f6e542e6-7e0e-4fcb-b0cb-0f3f91993902,6f7b5a48-cc9c-455e-a1b5-e03859e67506,SEG,21:00,22:40,T,2023-07-24 18:08:14.071088
1efb8191-c1ca-467d-a1bd-dd46d6cdc5ce,6f7b5a48-cc9c-455e-a1b5-e03859e67506,QUI,21:00,22:40,T,2023-07-24 18:08:14.071088
6f6c2af3-4c33-4932-9165-b2b5c73610bf,5322cdc6-17bf-4845-9cb9-f0cbe7701784,TER,15:20,17:00,T,2023-07-24 18:08:14.071088
096f593d-528f-4057-8a37-4fbd9689e7c7,5322cdc6-17bf-4845-9cb9-f0cbe7701784,SEX,15:20,17:00,T,2023-07-24 18:08:14.071088
8db337b9-59b6-4be6-adbe-f83a53550f88,d280dd2a-8b42-41f9-bbf3-503465bb2fd4,TER,13:30,15:10,T,2023-07-24 18:08:14.071088
c9552fc1-3aef-424d-bdff-c9e5c6e896c7,d280dd2a-8b42-41f9-bbf3-503465bb2fd4,SEX,13:30,15:10,T,2023-07-24 18:08:14.071088
9bb4ee48-7abb-45bc-9163-ab99f6b38108,6b11838f-14df-4bf7-a749-6c8b8d8dc7c6,SEG,19:00,20:40,T,2023-07-24 18:08:14.071088
5657c416-1ed2-4ac7-a6f9-9b0771d6416e,6b11838f-14df-4bf7-a749-6c8b8d8dc7c6,QUI,21:00,22:40,T,2023-07-24 18:08:14.071088
70696d59-6441-40f3-bd5e-be18375ac6c9,e4f3276b-6707-4497-9430-b0220cca1349,TER,19:00,20:40,T,2023-07-24 18:08:14.071088
9351a2ac-1597-461a-8a87-28b178919b0c,e4f3276b-6707-4497-9430-b0220cca1349,QUI,21:00,22:40,T,2023-07-24 18:08:14.071088
3a28a84a-bf00-437e-a590-6b98109bf1f0,f2223cc5-846d-4a05-a3d6-bee5c5a7e986,QUA,15:20,17:00,T,2023-07-24 18:08:14.071088
58a656e7-8c08-497f-9035-5234ef25f5cc,f2223cc5-846d-4a05-a3d6-bee5c5a7e986,SEX,13:30,15:10,T,2023-07-24 18:08:14.071088
dc44e820-abd2-4a3a-9a54-cc9bda1aecff,c3309aac-0c07-4047-a8d8-88df3cb2ac0c,TER,21:00,22:40,T,2023-07-24 18:08:14.071088
46e21ffa-31b5-493a-9016-604c42f192b0,c3309aac-0c07-4047-a8d8-88df3cb2ac0c,SEX,19:00,20:40,T,2023-07-24 18:08:14.071088
6250e804-3271-417c-843a-af860e190359,d4769780-557b-4a37-a516-6b460fd64deb,SEG,15:20,17:00,T,2023-07-24 18:08:14.071088
e58b2131-c651-45ac-aeeb-aeba585f101a,d4769780-557b-4a37-a516-6b460fd64deb,QUA,13:30,15:10,T,2023-07-24 18:08:14.071088
55854266-8700-4589-bae7-9509551afe5a,b515a806-67e1-4590-a89f-0a98db3e741c,SEG,19:00,20:40,T,2023-07-24 18:08:14.071088
2b5ac5c5-c181-4b33-876e-4187ffe09b0a,b515a806-67e1-4590-a89f-0a98db3e741c,QUA,19:00,20:40,T,2023-07-24 18:08:14.071088
9ac2f419-4a79-46fd-b33d-023863754d0a,15f9165b-b5e4-4aa0-9a9a-43c861fc60ac,SEG,15:20,17:00,T,2023-07-24 18:08:14.071088
7c0883f1-fd15-4d20-925c-1ab9886c8fcc,15f9165b-b5e4-4aa0-9a9a-43c861fc60ac,QUI,13:30,15:10,T,2023-07-24 18:08:14.071088
9fd78a73-162b-43ab-bc18-a3fc566c8d94,9e948e06-c6e6-4718-bee7-00b675ff93c4,QUA,15:20,17:00,T,2023-07-24 18:08:14.071088
0ef0e1f8-676a-4f07-841b-29a9357c4e17,9e948e06-c6e6-4718-bee7-00b675ff93c4,SEX,13:30,15:10,T,2023-07-24 18:08:14.071088
09c8a8f2-40c1-4ef0-aad5-ecfed5ae5799,207b0747-8f79-4d9f-99e9-0321cef3764b,TER,19:00,20:40,T,2023-07-24 18:08:14.071088
9c208282-769c-4637-abfe-974af8269f72,207b0747-8f79-4d9f-99e9-0321cef3764b,SEX,21:00,21:50,T,2023-07-24 18:08:14.071088
8ace1de2-b896-4588-a26c-a8053f203b39,207b0747-8f79-4d9f-99e9-0321cef3764b,SEX,21:50,22:40,P,2023-07-24 18:08:14.071088
7b91a896-02d8-46df-94ae-e794cc6cdd4c,106cffe9-1697-4d86-9b45-011b5ec7c331,SEG,21:00,22:40,T,2023-07-24 18:08:14.071088
602040de-cf27-4244-88de-5483f56cdf73,106cffe9-1697-4d86-9b45-011b5ec7c331,QUI,19:00,20:40,T,2023-07-24 18:08:14.071088
e4c11176-8d6a-4100-99db-41ede46598ce,16a7cee2-773a-4cf8-83ca-3cf14afd932d,SEG,19:00,20:40,T,2023-07-24 18:08:14.071088
3cb87646-8136-4d91-a4b1-cb72393a2747,16a7cee2-773a-4cf8-83ca-3cf14afd932d,QUA,21:00,22:40,T,2023-07-24 18:08:14.071088
f3442b6f-b156-4dee-a063-39b2f381c784,cceaee39-97b4-4fb4-be85-b2327d6420ca,TER,19:00,20:40,T,2023-07-24 18:08:14.071088
a9330c69-fb5f-4c4c-ac4f-36b65f624723,cceaee39-97b4-4fb4-be85-b2327d6420ca,SEX,21:00,21:50,T,2023-07-24 18:08:14.071088
63eef18b-ef3e-48c9-9120-f87aa5e3ee2f,cceaee39-97b4-4fb4-be85-b2327d6420ca,SEX,21:50,22:40,P,2023-07-24 18:08:14.071088
28ecd7ae-5ccf-4843-8b08-2978460e2c2d,467c3a37-10a5-4e42-802f-3295271b7625,SEG,13:30,15:10,T,2023-07-24 18:08:14.071088
5a6c13f7-e458-4426-b37d-3390b39d3527,467c3a37-10a5-4e42-802f-3295271b7625,QUI,15:20,16:10,T,2023-07-24 18:08:14.071088
73fc077e-64bf-49ae-8782-c9ed76d1af08,467c3a37-10a5-4e42-802f-3295271b7625,QUI,16:10,17:00,P,2023-07-24 18:08:14.071088
6fcc7cd4-ca00-457c-8b64-77c035b400b2,9777906f-5ef3-426a-bddf-ceb936d4fc44,QUA,19:00,20:40,T,2023-07-24 18:08:14.071088
51ad3299-e8e7-42dd-b4db-d49040ab0aae,9777906f-5ef3-426a-bddf-ceb936d4fc44,SEX,21:00,21:50,T,2023-07-24 18:08:14.071088
cb7ed61d-cbf9-4ef1-b80b-80db0aab1c4c,9777906f-5ef3-426a-bddf-ceb936d4fc44,SEX,21:50,22:40,P,2023-07-24 18:08:14.071088
48c75084-1170-45b5-920b-86fbb6e39473,f9bca9b9-cbb4-465d-85b8-7c78c89cab65,QUA,15:20,17:00,T,2023-07-24 18:08:14.071088
9477c1ba-4612-412c-8c51-9cbcb11e4d96,f9bca9b9-cbb4-465d-85b8-7c78c89cab65,SEX,15:20,16:10,T,2023-07-24 18:08:14.071088
91339278-1775-432a-8031-aae06e286849,f9bca9b9-cbb4-465d-85b8-7c78c89cab65,SEX,16:10,17:00,P,2023-07-24 18:08:14.071088
b8d886cc-de6b-4ed1-9c9e-b5b97a19c843,f0750e6b-7125-4098-acf0-b7b80d328206,QUA,21:00,22:40,T,2023-07-24 18:08:14.071088
36745d79-7003-44fb-8328-3f474791107c,f0750e6b-7125-4098-acf0-b7b80d328206,SEX,19:00,19:50,T,2023-07-24 18:08:14.071088
e3cc09f4-e8e4-4f9d-8185-f34270bf31bc,f0750e6b-7125-4098-acf0-b7b80d328206,SEX,19:50,20:40,P,2023-07-24 18:08:14.071088
47b88c16-c26e-474f-81ed-f95eed9a0150,8f04866d-37ef-41ac-8299-db92b6bc488e,QUA,13:30,15:10,T,2023-07-24 18:08:14.071088
35ef721a-85ef-4fe5-84f9-0c55ac3ebe6b,8f04866d-37ef-41ac-8299-db92b6bc488e,SEX,13:30,14:20,T,2023-07-24 18:08:14.071088
15d70690-b241-4f71-8134-7a676b370286,8f04866d-37ef-41ac-8299-db92b6bc488e,SEX,14:20,15:10,P,2023-07-24 18:08:14.071088
e82f5049-9578-4f68-8f14-38bfae5677b8,21f7f6d4-150c-464c-a36b-58e7b5543b7f,SEG,21:00,22:40,T,2023-07-24 18:08:14.071088
97a69af5-a319-4bc3-be96-a3ae4792144a,21f7f6d4-150c-464c-a36b-58e7b5543b7f,QUA,19:00,19:50,T,2023-07-24 18:08:14.071088
fceaf8bc-6c35-4c68-83c9-6e8464553874,21f7f6d4-150c-464c-a36b-58e7b5543b7f,QUA,19:50,20:40,P,2023-07-24 18:08:14.071088
c0074c66-f7a0-44fa-b45f-232847a5fcbb,fb55a635-4499-41e1-aade-cba5d3a6a7c3,TER,19:00,20:40,T,2023-07-24 18:08:14.071088
e5497d6b-af62-4017-a9ab-8ccf5c8f1319,fb55a635-4499-41e1-aade-cba5d3a6a7c3,SEX,21:00,21:50,T,2023-07-24 18:08:14.071088
33a237af-ea0a-4ecf-8125-0d6ceaf68040,fb55a635-4499-41e1-aade-cba5d3a6a7c3,SEX,21:50,22:40,P,2023-07-24 18:08:14.071088
4949961a-1a87-4d54-a238-83338baecba6,92e56c58-7508-4fde-9a31-91ff7d791c40,TER,19:00,20:40,T,2023-07-24 18:08:14.071088
92c4c8de-45cc-4075-a719-da572355eb01,92e56c58-7508-4fde-9a31-91ff7d791c40,QUI,21:00,21:50,T,2023-07-24 18:08:14.071088
429294dc-3ebe-4d27-b251-10f42cd61ee0,92e56c58-7508-4fde-9a31-91ff7d791c40,QUI,21:50,22:40,P,2023-07-24 18:08:14.071088
d296d414-566a-4ee8-bea5-4cabbd33a5a1,e5f7c728-d94a-44fc-be22-3af08c000787,SEG,15:20,17:00,T,2023-07-24 18:08:14.071088
595312a9-1786-4cdc-a2d1-99b49c2931d9,e5f7c728-d94a-44fc-be22-3af08c000787,QUA,13:30,14:20,T,2023-07-24 18:08:14.071088
e9d91c81-a09b-4387-bf90-ca10d9e434f3,e5f7c728-d94a-44fc-be22-3af08c000787,QUA,14:20,15:10,P,2023-07-24 18:08:14.071088
8be5cf52-a1e0-4bd0-8a57-863b3d805012,c945133e-0cfc-471a-b757-fd9ca2ff7f9f,TER,13:30,15:10,T,2023-07-24 18:08:14.071088
4740dd50-6a5f-49a9-b1d2-2c1438316b39,c945133e-0cfc-471a-b757-fd9ca2ff7f9f,QUI,15:20,16:10,T,2023-07-24 18:08:14.071088
fefe5eed-3b1e-496a-b3d3-4dbbe48a8031,c945133e-0cfc-471a-b757-fd9ca2ff7f9f,QUI,16:10,17:00,P,2023-07-24 18:08:14.071088
4243ddfc-5783-43cb-947b-34cfaf17e704,b0f31cca-256b-4c41-af16-633be96d0940,TER,21:00,22:40,T,2023-07-24 18:08:14.071088
38ada833-2ad7-4d15-a30f-d57d3ebdc284,b0f31cca-256b-4c41-af16-633be96d0940,QUI,19:00,20:40,T,2023-07-24 18:08:14.071088
e6d6ca9d-c1d4-45ca-84e4-128d5f615e5d,21849922-e12c-4e2e-8c49-4b034c2ce4a6,TER,13:30,15:10,T,2023-07-24 18:08:14.071088
31176aef-4956-4f9e-ab12-25e7dfa42ce4,502d5248-ec13-4081-b869-06d7f2f53c93,TER,19:00,20:40,T,2023-07-24 18:08:14.071088
b2f2a508-7208-42a0-82c8-0d4c2c027046,2dd480d1-2945-4335-80b8-a17c8d21fc6c,TER,21:00,22:40,T,2023-07-24 18:08:14.071088
9304e715-eb19-4179-a423-7942766a5c96,2dd480d1-2945-4335-80b8-a17c8d21fc6c,QUI,19:00,20:40,T,2023-07-24 18:08:14.071088
5fc708fe-1854-41b0-b317-aefbd71cc3c7,3ffe8da8-679a-481f-ba80-cf3cdd432419,TER,15:20,17:00,T,2023-07-24 18:08:14.071088
b2ac2801-aae6-4469-ac64-6e07992ee6eb,3ffe8da8-679a-481f-ba80-cf3cdd432419,QUI,13:30,15:10,P,2023-07-24 18:08:14.071088
a87560e5-6eeb-4aa0-b8a3-640bc9fd0d1c,b62e4971-b15b-42ce-bf62-288449e2a7ef,TER,15:20,17:00,T,2023-07-24 18:08:14.071088
bbd68cfd-d104-4c4c-bfec-9d5a04f00aa7,b62e4971-b15b-42ce-bf62-288449e2a7ef,QUI,13:30,15:10,T,2023-07-24 18:08:14.071088
06c5d2ed-f321-4604-a9b7-7654f60f8f82,6974bdbe-25a3-453d-8208-7c2b69b9106f,SEG,15:20,17:00,T,2023-07-24 18:08:14.071088
fdd75b0c-dab7-49f8-8604-9270f16667b7,6974bdbe-25a3-453d-8208-7c2b69b9106f,QUA,13:30,15:10,T,2023-07-24 18:08:14.071088
1422d1c4-0774-4a35-af5f-466e152f4fa8,5f8afdcf-08dc-469e-96bc-96d6d756771a,SEG,17:10,18:50,T,2023-07-24 18:08:14.071088
8dd1fcec-1754-417f-9695-10a9c4b7e09f,5f8afdcf-08dc-469e-96bc-96d6d756771a,QUA,17:10,18:50,T,2023-07-24 18:08:14.071088
5d9f3fec-6556-45c7-9841-2c41158efc96,29f7deff-5c4e-4226-8eea-62a72c7f31b3,TER,21:00,22:40,T,2023-07-24 18:08:14.071088
634cffc1-46d7-4a6e-858f-b46c99f29598,29f7deff-5c4e-4226-8eea-62a72c7f31b3,QUI,19:00,20:40,P,2023-07-24 18:08:14.071088
98b6af65-b0fb-47c7-9c77-f72b36c72dc7,a7f07c65-097a-4255-be37-318fe95870bf,SEG,13:30,15:10,T,2023-07-24 18:08:14.071088
9bab9e79-6257-418d-b143-ea08370636fc,a7f07c65-097a-4255-be37-318fe95870bf,QUA,15:20,17:00,P,2023-07-24 18:08:14.071088
82841a3b-1111-4a99-9258-4b8287eb0411,824ae821-e640-44cc-bb23-daadccc999d8,TER,17:10,18:50,T,2023-07-24 18:08:14.071088
4903931b-7691-4ba7-9eed-0587728d82d1,824ae821-e640-44cc-bb23-daadccc999d8,SEX,17:10,18:50,P,2023-07-24 18:08:14.071088
ead1c6aa-a04f-4e1d-8a3b-87c568990849,45bdc203-b178-40b5-b099-79184c69c0a8,SEG,19:00,20:40,T,2023-07-24 18:08:14.071088
af37b55f-bded-48d0-8fb7-aab7ed72c458,45bdc203-b178-40b5-b099-79184c69c0a8,QUI,19:00,20:40,P,2023-07-24 18:08:14.071088
48b1a01d-c933-4a22-b06b-c7294cac99f4,3171935d-0716-493d-939d-91fba086f07b,TER,19:00,20:40,T,2023-07-24 18:08:14.071088
a39054d9-a07d-4f17-9d6b-3973034e54e6,3171935d-0716-493d-939d-91fba086f07b,QUI,21:00,22:40,P,2023-07-24 18:08:14.071088
c98100c6-39a4-4733-b400-422e22af1dcb,0c8f1f05-0713-4394-8c83-9869028768b9,TER,17:10,18:50,T,2023-07-24 18:08:14.071088
e6023a25-a2cf-47f5-aefa-0189b0743950,0c8f1f05-0713-4394-8c83-9869028768b9,SEX,17:10,18:50,P,2023-07-24 18:08:14.071088
e8960e74-08fb-4f6e-a348-8f1369655d27,81268e5b-ba57-4b23-b413-043153b633cf,SEG,13:30,15:10,T,2023-07-24 18:08:14.071088
d8f42b3e-24ad-4e7b-99a4-266b00b919db,81268e5b-ba57-4b23-b413-043153b633cf,QUI,13:30,15:10,P,2023-07-24 18:08:14.071088
8bd55ebe-d6a0-46ee-aab1-2b6fd4974f6e,66156c86-a92b-4256-8cd4-2140317ac599,QUA,15:20,17:00,T,2023-07-24 18:08:14.071088
a7c1b787-f25c-4fba-b012-5f439a0cea7e,66156c86-a92b-4256-8cd4-2140317ac599,SEX,13:30,15:10,P,2023-07-24 18:08:14.071088
1178c0a0-6b60-4479-9417-495276dd5052,99a3ae83-c1c9-4f3a-849f-61193167632f,QUA,13:30,15:10,T,2023-07-24 18:08:14.071088
8579ddc1-72c8-401f-a3e0-71c44ad550d7,99a3ae83-c1c9-4f3a-849f-61193167632f,SEX,15:20,17:00,P,2023-07-24 18:08:14.071088
e200fe7a-63b6-4024-b9cd-e96c3e7412dd,fea115e3-de5d-45b1-9d6e-2a9b1948d83d,SEG,21:00,22:40,T,2023-07-24 18:08:14.071088
a1673488-670d-46f2-a8fc-4811747d643a,fea115e3-de5d-45b1-9d6e-2a9b1948d83d,QUI,19:00,19:50,T,2023-07-24 18:08:14.071088
e289883c-76c5-4eab-8fdb-4e623d271456,fea115e3-de5d-45b1-9d6e-2a9b1948d83d,QUI,19:50,20:40,P,2023-07-24 18:08:14.071088
af3f993c-c71b-4d14-9098-7cc713bb342f,03488cd6-1d4a-49bf-93aa-561d26087e1e,QUA,19:00,20:40,T,2023-07-24 18:08:14.071088
d10f0175-5b07-400e-9a30-9f7f1f9b11a6,03488cd6-1d4a-49bf-93aa-561d26087e1e,SEX,19:00,19:50,T,2023-07-24 18:08:14.071088
19c0b831-c9a1-44d3-ba8f-6e4a0cc75281,03488cd6-1d4a-49bf-93aa-561d26087e1e,SEX,19:50,20:40,P,2023-07-24 18:08:14.071088
231f0c26-71d8-4056-9f1f-158a667b991c,27947c7d-06ea-4b95-a63f-d6049842dad8,TER,19:00,20:40,T,2023-07-24 18:08:14.071088
02195d00-85f5-405f-8dc8-e872e738c97c,27947c7d-06ea-4b95-a63f-d6049842dad8,SEX,21:00,22:40,T,2023-07-24 18:08:14.071088
2b37d62b-a1b8-4d06-ac5c-2972a0983906,4325046b-8f20-42e9-8067-5820e1b003f8,QUA,15:20,17:00,T,2023-07-24 18:08:14.071088
5cbd3196-7a80-4116-8da7-60f4fc3d34b1,4325046b-8f20-42e9-8067-5820e1b003f8,SEX,15:20,17:00,T,2023-07-24 18:08:14.071088
97064e17-9a47-493d-b367-3ec27dd6bab6,50028dcb-4b7a-4be1-aa69-d6d0b02d50e9,TER,13:30,15:10,T,2023-07-24 18:08:14.071088
a5b8c86f-6ea1-4f99-a56d-a6906ae7fb7c,50028dcb-4b7a-4be1-aa69-d6d0b02d50e9,QUI,13:30,15:10,P,2023-07-24 18:08:14.071088
b55d7356-767f-4f2c-9430-9d4a4c3f2bcf,cb44ec63-b425-4c55-8abc-a8224ccc805e,TER,15:20,17:00,T,2023-07-24 18:08:14.071088
9257af54-94c1-4df1-8ac9-eba82626c365,cb44ec63-b425-4c55-8abc-a8224ccc805e,SEX,15:20,17:00,P,2023-07-24 18:08:14.071088
d9bfc1c3-b1df-4726-8db1-445278dc71f0,28a6dfbe-0304-48de-82a1-ca35977706ee,QUI,15:20,17:00,T,2023-07-24 18:08:14.071088
d3eece03-9765-4841-bf2a-965c843cf57b,bbc015b3-406e-46e5-b44b-caf2b108dae5,TER,21:00,22:40,T,2023-07-24 18:08:14.071088
3466048d-6ef1-4160-8219-ad46c6561ba8,bbc015b3-406e-46e5-b44b-caf2b108dae5,SEX,21:00,22:40,T,2023-07-24 18:08:14.071088
d6c31610-0aa7-42bc-b00d-a1532d18feee,523220a2-fb20-4978-8dd2-d832ea31759f,SEG,13:30,15:10,T,2023-07-24 18:08:14.071088
1703d98e-ab32-4d1e-af34-cdc576ce76f8,523220a2-fb20-4978-8dd2-d832ea31759f,QUI,15:20,17:00,P,2023-07-24 18:08:14.071088
cde1a6a2-f53d-4b56-a15a-915b2be2e2c9,053f3dae-e4eb-456b-a076-2bb297a2b229,SEG,15:20,17:00,T,2023-07-24 18:08:14.071088
4eae6eaf-90e9-4480-a342-7c563f59717e,053f3dae-e4eb-456b-a076-2bb297a2b229,QUI,13:30,15:10,P,2023-07-24 18:08:14.071088
b39a6804-d230-4069-9de0-02cae898340d,8d6aec46-fa77-4374-a327-0e1fdbd342a9,TER,15:20,17:00,T,2023-07-24 18:08:14.071088
7e7e9127-c863-47d2-8997-a9f04fabc4a1,8d6aec46-fa77-4374-a327-0e1fdbd342a9,SEX,13:30,15:10,T,2023-07-24 18:08:14.071088
7b2a0fa2-b1a5-405e-875b-779ef364a10e,661cc701-d653-4816-a5a5-aa0e7602ef05,QUA,21:00,22:40,T,2023-07-24 18:08:14.071088
b19e3a19-ed08-4c2d-8739-13607791a09e,661cc701-d653-4816-a5a5-aa0e7602ef05,SEX,19:00,19:50,T,2023-07-24 18:08:14.071088
de57d0c3-0c7e-472e-99ec-637b8388ce28,661cc701-d653-4816-a5a5-aa0e7602ef05,SEX,19:50,20:40,P,2023-07-24 18:08:14.071088
ed3c9b98-5feb-4304-9dcd-d19a5d3203d7,714055d7-b6e0-445e-b8fa-0497bec6f7a5,SEG,13:30,15:10,T,2023-07-24 18:08:14.071088
843d9d9d-ddcf-4651-9630-23df9a1d94fd,714055d7-b6e0-445e-b8fa-0497bec6f7a5,QUI,13:30,14:20,T,2023-07-24 18:08:14.071088
4f54d0a4-c36c-42ca-b1db-06ad2b915004,714055d7-b6e0-445e-b8fa-0497bec6f7a5,QUI,14:20,15:10,P,2023-07-24 18:08:14.071088
02bd32ba-3f65-450d-8f34-8056b2562503,13936a73-27b0-40f2-9f80-4ff831e293ae,QUA,15:20,17:00,T,2023-07-24 18:08:14.071088
334923d5-67f9-4a22-a2d2-e6698910afec,13936a73-27b0-40f2-9f80-4ff831e293ae,SEX,13:30,15:10,T,2023-07-24 18:08:14.071088
93ee8f19-849a-4a41-90b3-174223527fe9,1774fd79-c0c5-4563-a788-0e6ab4c0d55a,SEG,21:00,22:40,T,2023-07-24 18:08:14.071088
23d19ec7-6c5f-4ebe-b57c-d03d4163e05d,1774fd79-c0c5-4563-a788-0e6ab4c0d55a,QUI,19:00,20:40,T,2023-07-24 18:08:14.071088
c51a73a7-2546-416a-9b17-1b2351cf4357,b0dd1281-8634-4e9f-ad15-ac6ebe38153b,SEG,15:20,17:00,T,2023-07-24 18:08:14.071088
a0765466-3467-4bdd-8c85-5a74f327a036,b0dd1281-8634-4e9f-ad15-ac6ebe38153b,QUA,15:20,17:00,T,2023-07-24 18:08:14.071088
906ac767-d37c-493a-9044-88e93cbee8e9,892dcbe3-4008-49cd-8004-ef6b3bca52d0,TER,21:00,22:40,T,2023-07-24 18:08:14.071088
0de9b168-a032-4666-a856-71a066bff286,892dcbe3-4008-49cd-8004-ef6b3bca52d0,QUI,21:00,22:40,T,2023-07-24 18:08:14.071088
586b6e8b-229e-4ecc-a72b-59c6f38c3c83,40ceec6c-7f55-4bf6-ba59-4cac8c5501f6,TER,15:20,17:00,T,2023-07-24 18:08:14.071088
82d92632-1065-437b-81e0-ec5ebd771044,40ceec6c-7f55-4bf6-ba59-4cac8c5501f6,SEX,13:30,15:10,T,2023-07-24 18:08:14.071088
e01ae582-2a8d-4505-aace-997c2850f4f4,8afc2cd9-486a-4820-805c-08c210e4d50d,TER,13:30,15:10,T,2023-07-24 18:08:14.071088
fe285717-d42b-4c90-8ef5-2a3af7da90cb,8afc2cd9-486a-4820-805c-08c210e4d50d,SEX,15:20,17:00,T,2023-07-24 18:08:14.071088
4b3c71ff-e59e-4efc-9ec5-5f092d39c0d9,91765cb9-56d7-4c86-a6db-99533b7f9cf1,TER,15:20,17:00,T,2023-07-24 18:08:14.071088
15e45a7d-1526-4206-97ac-2ae0c82277ce,91765cb9-56d7-4c86-a6db-99533b7f9cf1,QUI,13:30,15:10,T,2023-07-24 18:08:14.071088
e20ca879-e086-4184-8c8d-610646406f78,7bf4799f-b3f1-44cc-b1c9-73f47e8ece94,SEG,19:00,20:40,T,2023-07-24 18:08:14.071088
c344a2ff-7835-4c73-80d2-615993aa0012,7bf4799f-b3f1-44cc-b1c9-73f47e8ece94,QUA,21:00,22:40,T,2023-07-24 18:08:14.071088
022a6c76-d8a7-410f-873c-eb339773eeb0,06da598f-1e25-4fb7-85a3-f6941ff8d7d8,QUA,21:00,22:40,T,2023-07-24 18:08:14.071088
2f11a518-44ad-45e1-b972-6c0f285d3b15,06da598f-1e25-4fb7-85a3-f6941ff8d7d8,SEX,21:00,22:40,T,2023-07-24 18:08:14.071088
0c1d8fb9-c6e3-4040-82be-492285d38121,33d93252-04a0-4a07-9858-6afdc089e2b0,TER,13:30,15:10,T,2023-07-24 18:08:14.071088
acde353f-0092-434f-828f-f62efad1f9d0,51d10e17-0bdd-491f-abe2-b79a8d43bfb0,SEG,21:00,22:40,T,2023-07-24 18:08:14.071088
bb6ba339-e0a1-4150-ab5e-d4f8fc635b12,51d10e17-0bdd-491f-abe2-b79a8d43bfb0,QUA,19:00,20:40,P,2023-07-24 18:08:14.071088
b9df068c-d8b7-495d-aad8-103b5c665766,207ee30f-291c-4965-b583-cb7e05d179e0,SEG,19:00,20:40,T,2023-07-24 18:08:14.071088
11f94774-e1ab-4c20-94df-979e38356ed3,207ee30f-291c-4965-b583-cb7e05d179e0,QUA,19:00,20:40,T,2023-07-24 18:08:14.071088
da344f85-f752-412a-a713-3fb63e568558,316c39fd-be4d-425c-8ace-18307a8a5078,SEG,15:20,17:00,T,2023-07-24 18:08:14.071088
78dce0f1-0bb0-46e4-9fcc-ef9530a17f94,316c39fd-be4d-425c-8ace-18307a8a5078,QUI,15:20,17:00,T,2023-07-24 18:08:14.071088
378d1c40-4dee-46dc-b7b9-890ee8d08fd2,7a21fafd-b9b9-47e5-a852-ae1a38b1934a,TER,13:30,15:10,T,2023-07-24 18:08:14.071088
bc8ee9a8-1492-46e5-9632-9e16db585ca0,7a21fafd-b9b9-47e5-a852-ae1a38b1934a,QUI,13:30,15:10,T,2023-07-24 18:08:14.071088
4b003e70-2122-4baf-8ecd-d52b2f1188e2,0ad653db-147d-4594-af0d-045292113aee,SEG,21:00,22:40,T,2023-07-24 18:08:14.071088
8d9ce545-8583-40ce-812c-c2dd46d8033c,0ad653db-147d-4594-af0d-045292113aee,QUI,19:00,20:40,T,2023-07-24 18:08:14.071088
cfab1709-165f-49c2-b44f-eed92f41b0ef,a41c071b-5848-446e-9959-e61b4ecedb6f,SEG,21:00,22:40,T,2023-07-24 18:08:14.071088
471fc28d-0209-4238-8a6a-f4107552ccc0,a41c071b-5848-446e-9959-e61b4ecedb6f,QUA,21:00,22:40,T,2023-07-24 18:08:14.071088
3a6ecd1e-84ac-4e6b-8457-36057782ded5,db0d0ba9-ada1-4798-b5bb-7c495f54d434,SEG,17:10,18:50,T,2023-07-24 18:08:14.071088
0268d89d-7879-4b6b-8a31-7ea04a95cb92,db0d0ba9-ada1-4798-b5bb-7c495f54d434,QUA,17:10,18:50,T,2023-07-24 18:08:14.071088
ddbbc75a-8a44-48ca-bf03-d812eeb6c1a1,25565616-e08e-4ff1-887e-8b3457452ffd,TER,21:00,22:40,T,2023-07-24 18:08:14.071088
25eb7a46-1436-46aa-ba8e-5998a8b62efc,25565616-e08e-4ff1-887e-8b3457452ffd,SEX,19:00,20:40,T,2023-07-24 18:08:14.071088
2517ce75-c447-4471-8c3a-9af0b999adbb,a4058654-a5fa-44fe-9bfb-d0d21b4790ed,TER,19:00,20:40,T,2023-07-24 18:08:14.071088
71e74134-32d3-4df9-98bc-5198cc423a8f,a4058654-a5fa-44fe-9bfb-d0d21b4790ed,QUI,21:00,22:40,T,2023-07-24 18:08:14.071088
15bdd930-6afe-439a-a4d9-f2e80dbd22f9,2167ce61-aa75-48fe-948e-c4f2bcf428ab,QUA,21:00,22:40,T,2023-07-24 18:08:14.071088
243d3da2-264b-4572-a291-0d59b68d7514,2167ce61-aa75-48fe-948e-c4f2bcf428ab,SEX,21:00,22:40,T,2023-07-24 18:08:14.071088
fda3abc6-9fc4-4dc8-b4ec-84f11e0bd567,f1cddea1-e77e-49da-9894-59620c44804f,TER,15:20,17:00,T,2023-07-24 18:08:14.071088
b5bb83ba-cc65-460a-abc4-5f8dcf29ccf1,f1cddea1-e77e-49da-9894-59620c44804f,SEX,13:30,15:10,T,2023-07-24 18:08:14.071088
0902165d-dfca-448a-bc33-315ca9de2050,a4bc0bd9-7e9f-493e-b834-be647bbce4af,SEG,13:30,15:10,T,2023-07-24 18:08:14.071088
7de209fc-c256-4b6d-a9c0-50a6faa6b8bf,a4bc0bd9-7e9f-493e-b834-be647bbce4af,QUA,13:30,15:10,T,2023-07-24 18:08:14.071088
12e35f89-15cd-4a1e-a194-26c06581824c,9159e485-b714-46bd-a370-2ecdc518a0f3,TER,15:20,17:00,T,2023-07-24 18:08:14.071088
c8b0a6d5-b734-4f0b-bb14-fc83c10678fb,9159e485-b714-46bd-a370-2ecdc518a0f3,QUI,13:30,14:20,T,2023-07-24 18:08:14.071088
4581acd3-de5a-4165-9ecb-854472c250b6,9159e485-b714-46bd-a370-2ecdc518a0f3,QUI,14:20,15:10,P,2023-07-24 18:08:14.071088
63480e3d-a64f-411e-9a41-951cbee667f2,26b36d24-3c29-4fcb-aeb8-2d0159404f27,TER,13:30,15:10,T,2023-07-24 18:08:14.071088
742277a3-10e6-4091-9855-ed5ad771f8cd,26b36d24-3c29-4fcb-aeb8-2d0159404f27,QUI,15:20,16:10,T,2023-07-24 18:08:14.071088
6b5c7754-99ef-448b-89ac-725856c77e80,26b36d24-3c29-4fcb-aeb8-2d0159404f27,QUI,16:10,17:00,P,2023-07-24 18:08:14.071088
96e0c239-876a-4e5d-93fd-caa74dadb6ad,02afc9b2-31ed-473d-9054-01689ea41369,QUA,13:30,15:10,T,2023-07-24 18:08:14.071088
31dad500-2b4b-495c-aa68-3f67ff082ff0,02afc9b2-31ed-473d-9054-01689ea41369,SEX,15:20,16:10,T,2023-07-24 18:08:14.071088
aba8d574-ff3b-4bd8-b168-2cbec3591004,02afc9b2-31ed-473d-9054-01689ea41369,SEX,16:10,17:00,P,2023-07-24 18:08:14.071088
3ea8bfde-ec57-47a6-a360-2bc0b7b47ff8,56e2e0f4-6cff-4ee5-8161-7c4645222344,SEX,19:00,20:40,T,2023-07-24 18:08:14.071088
c3d40f35-b6af-4b1c-8bdb-38ff7834d2de,d5c85e09-2f49-4c27-b4a0-94d1fcda7147,SEG,07:30,09:10,P,2023-07-24 18:08:14.071088
149e6751-c634-4992-ad8e-47673db2da63,d5c85e09-2f49-4c27-b4a0-94d1fcda7147,TER,07:30,09:10,P,2023-07-24 18:08:14.071088
101d4cbf-056e-498c-a374-ddefcc973363,d5c85e09-2f49-4c27-b4a0-94d1fcda7147,QUA,07:30,09:10,P,2023-07-24 18:08:14.071088
21c7b2e5-493d-4ded-942a-29e06ffd245d,58c1e879-c4b5-47ed-b566-5f43724b0106,SEG,07:30,09:10,P,2023-07-24 18:08:14.071088
6fe77978-c796-405e-b35e-1bdb51e6bc07,58c1e879-c4b5-47ed-b566-5f43724b0106,TER,07:30,09:10,P,2023-07-24 18:08:14.071088
c22ccfb5-267e-4754-ab10-1db175fa1cb4,14214a39-3d53-4185-9527-874ccc7719a2,SEG,15:20,17:00,T,2023-07-24 18:08:14.071088
1df52539-b198-48cb-bbba-f2d3472d024b,14214a39-3d53-4185-9527-874ccc7719a2,QUA,13:30,15:10,T,2023-07-24 18:08:14.071088
7853b57b-fa07-4dd5-88ad-fdb2827732d0,2d950872-f87c-45b5-83c1-5a3d429e7afa,QUA,13:30,15:10,T,2023-07-24 18:08:14.071088
9825502d-81cb-47f6-b6b6-545a71b72f8f,2d950872-f87c-45b5-83c1-5a3d429e7afa,SEX,13:30,15:10,T,2023-07-24 18:08:14.071088
41b92ebb-656f-4544-969a-dd390be8dd00,901f5165-b956-4d85-862f-bc7c24528f30,SEG,19:00,20:40,T,2023-07-24 18:08:14.071088
8c31412c-b873-4bf6-b811-67f2340bb7a9,901f5165-b956-4d85-862f-bc7c24528f30,QUA,21:00,22:40,T,2023-07-24 18:08:14.071088
e4d14feb-26b5-484b-bd52-4362c1cbd431,e405e5a0-422c-4767-b1f1-1b285a291985,SEG,13:30,15:10,T,2023-07-24 18:08:14.071088
c0af1481-5f31-4890-819f-5a565d34c6ba,e405e5a0-422c-4767-b1f1-1b285a291985,QUA,15:20,17:00,T,2023-07-24 18:08:14.071088
40e07e12-f63a-476e-b1ac-caceb4ba71d8,5bb403e5-c987-48eb-a6c6-0b2642dfc237,TER,19:00,20:40,T,2023-07-24 18:08:14.071088
1903f3f2-3168-4370-beaa-82351b97d3af,5bb403e5-c987-48eb-a6c6-0b2642dfc237,QUI,21:00,22:40,T,2023-07-24 18:08:14.071088
fc9af8a1-af49-48d0-bf9a-49f945330ca5,4224c2c2-0796-4db2-b8c4-f55ef8fb74eb,SEG,13:30,15:10,T,2023-07-24 18:08:14.071088
76451c6e-3e83-4df7-a29b-96a48019c2c0,4224c2c2-0796-4db2-b8c4-f55ef8fb74eb,QUA,15:20,16:10,T,2023-07-24 18:08:14.071088
a99485ef-ce8d-42cc-aed9-f4c4391ca0c8,4224c2c2-0796-4db2-b8c4-f55ef8fb74eb,QUA,16:10,17:00,P,2023-07-24 18:08:14.071088
f8d854ad-2c2a-4d92-b212-0e59a571ef2a,a6244303-877e-4725-8752-ddbec06d2621,TER,21:00,22:40,T,2023-07-24 18:08:14.071088
99b66692-38a8-4dd0-b227-bab70c493b31,a6244303-877e-4725-8752-ddbec06d2621,SEX,19:00,20:40,T,2023-07-24 18:08:14.071088
47e32559-7509-425c-be00-eefc13585999,d240b44c-036f-451b-aa3e-8ea161f17290,QUA,19:00,20:40,T,2023-07-24 18:08:14.071088
1b515cbe-fded-4932-8a24-6ecf461a6c5e,d240b44c-036f-451b-aa3e-8ea161f17290,SEX,21:00,22:40,P,2023-07-24 18:08:14.071088
85ced73b-2055-44be-872e-fdd5899f2173,f6ae4577-d1e5-41fd-b3ae-85e0e85f9dd6,SEG,19:00,20:40,T,2023-07-24 18:08:14.071088
2859c1a5-6c75-4b2c-8a4f-8936367e5742,f6ae4577-d1e5-41fd-b3ae-85e0e85f9dd6,QUA,19:00,20:40,P,2023-07-24 18:08:14.071088
86ba5814-c779-43c8-9965-5eb28cc3959b,c9df8078-85dd-4757-ba73-109c00b36c19,QUA,19:00,20:40,T,2023-07-24 18:08:14.071088
e72ce3ac-5b13-4b12-ba22-4a1896173731,c9df8078-85dd-4757-ba73-109c00b36c19,SEX,21:00,22:40,T,2023-07-24 18:08:14.071088
4805de04-d218-4c79-aa8d-7689ad5cd7c9,5c61fb5f-4841-4de3-9c2b-4093c1eccb9a,SEG,13:30,15:10,T,2023-07-24 18:08:14.071088
692a5b7c-6f6d-433e-a6d4-24ac0631f3c0,5c61fb5f-4841-4de3-9c2b-4093c1eccb9a,QUI,13:30,15:10,T,2023-07-24 18:08:14.071088
e30c13c1-e97d-4a2b-8a67-b3d8e4fcab44,7c7707d6-32e5-490f-b8d7-9e573ff59839,SEG,19:00,20:40,T,2023-07-24 18:08:14.071088
ff7633f6-ade0-4901-ab1e-887ff58d6388,7c7707d6-32e5-490f-b8d7-9e573ff59839,QUA,19:00,20:40,T,2023-07-24 18:08:14.071088
bdbf24be-008a-4580-9fdc-c9eaf23c84dd,b232bfea-26d8-4599-acd8-09617b45afc8,SEG,15:20,17:00,T,2023-07-24 18:08:14.071088
bf7bb0a5-dea0-41e1-b27d-f4f4fe8229db,b232bfea-26d8-4599-acd8-09617b45afc8,QUI,15:20,16:10,T,2023-07-24 18:08:14.071088
54158f57-7807-4ff7-8109-85c080a7b194,b232bfea-26d8-4599-acd8-09617b45afc8,QUI,16:10,17:00,P,2023-07-24 18:08:14.071088
4b2d67aa-9c6e-467a-81fe-19e4061b0173,7a7a151f-3aaa-492f-9828-d45a228a6286,TER,13:30,15:10,T,2023-07-24 18:08:14.071088
2c321ee4-6833-43fe-8606-0b09c51d42f9,7a7a151f-3aaa-492f-9828-d45a228a6286,QUI,15:20,17:00,P,2023-07-24 18:08:14.071088
5a12e3df-c45f-4624-9485-d926647ade64,d4d42771-f510-4777-bd73-2b984aaa47ca,SEG,21:00,22:40,T,2023-07-24 18:08:14.071088
374296c4-8915-42c1-ac18-309b5176eee1,d4d42771-f510-4777-bd73-2b984aaa47ca,QUI,19:00,20:40,P,2023-07-24 18:08:14.071088
4186be53-db13-4879-89b7-99009009bcc9,8833f84f-3382-44cf-b3d6-239fd66e72e2,TER,21:00,22:40,T,2023-07-24 18:08:14.071088
45e78def-6bc5-4fd2-9fff-bd7c1c745985,8833f84f-3382-44cf-b3d6-239fd66e72e2,SEX,21:00,22:40,T,2023-07-24 18:08:14.071088
29074449-53e6-4de0-a7ec-85e4f87d35b9,9ddb01b6-345c-48a7-a31a-d2840ffd4e0e,SEG,21:00,22:40,T,2023-07-24 18:08:14.071088
45ba1737-97bd-40ea-add8-2fb8f4fd60f6,9ddb01b6-345c-48a7-a31a-d2840ffd4e0e,QUI,19:00,20:40,T,2023-07-24 18:08:14.071088
920739bf-89d9-48e9-a43d-fe013399742e,49285f05-3720-49a9-990f-5a112613d411,SEG,13:30,15:10,T,2023-07-24 18:08:14.071088
f0d9b6c1-0fcc-4eec-a50a-5923c5c187d9,49285f05-3720-49a9-990f-5a112613d411,QUA,13:30,15:10,P,2023-07-24 18:08:14.071088
4853fa40-3447-4638-a9da-01c09ca1e6b6,fb809e3f-e34d-4fe4-9d39-d79b72ca83ff,TER,13:30,15:10,T,2023-07-24 18:08:14.071088
dbb2c186-ee56-4e7a-becb-3922d30492ce,fb809e3f-e34d-4fe4-9d39-d79b72ca83ff,SEX,15:20,17:00,P,2023-07-24 18:08:14.071088
c2431cd8-b9bf-46a4-8198-cfbdf99442cf,1c2bca20-cb53-4fbc-b009-c0093b9dcff5,TER,15:20,17:00,T,2023-07-24 18:08:14.071088
be04c74c-509c-4d46-9116-162727a185d4,1c2bca20-cb53-4fbc-b009-c0093b9dcff5,QUI,13:30,15:10,T,2023-07-24 18:08:14.071088
bae251e9-be96-43b4-aed7-263e51eb5165,978b85c7-d167-4db4-8261-a4275d9a9307,SEG,21:00,22:40,T,2023-07-24 18:08:14.071088
f416d7cd-4c79-4efd-a9c5-a632187f16cd,978b85c7-d167-4db4-8261-a4275d9a9307,QUI,19:00,20:40,T,2023-07-24 18:08:14.071088
8217091b-715b-44fb-8d9c-77481d7b3877,43373fd4-0625-407c-b48b-4af2bb0dfa18,TER,15:20,17:00,T,2023-07-24 18:08:14.071088
539c714b-479b-481b-a900-9c2059c4f806,43373fd4-0625-407c-b48b-4af2bb0dfa18,SEX,15:20,17:00,T,2023-07-24 18:08:14.071088
a8048109-a405-4880-8142-86a40b372f4d,8a8bb4d4-092e-45a8-b1c0-8f853c646b27,TER,21:00,22:40,T,2023-07-24 18:08:14.071088
02d87a10-c401-412e-a3c0-de95b026cbc7,8a8bb4d4-092e-45a8-b1c0-8f853c646b27,SEX,19:00,20:40,T,2023-07-24 18:08:14.071088
2e89957d-f462-45d8-8bd1-9e85595a34c1,50cfaee5-4914-45ab-8cfa-2e9ac528ccea,TER,21:00,22:40,T,2023-07-24 18:08:14.071088
964fe212-7671-47a9-93ec-027a7c9c255c,a05fc0f6-418c-4ee7-bf45-f33cc966d0be,SEX,19:00,20:40,T,2023-07-24 18:08:14.071088
97dad775-6ffd-4917-a3af-db0acdae94be,6bf84ae6-45ce-4d3a-9455-d5f6280d4d64,SEG,07:30,09:10,P,2023-07-24 18:08:14.071088
f8f3eca8-cdce-4a87-b6cd-f0045f7d85c1,6bf84ae6-45ce-4d3a-9455-d5f6280d4d64,TER,07:30,09:10,P,2023-07-24 18:08:14.071088
abfa38f6-0d38-4b31-85f8-d87bcd186fcd,6bf84ae6-45ce-4d3a-9455-d5f6280d4d64,QUA,07:30,09:10,P,2023-07-24 18:08:14.071088
f2131e5e-8ec0-443f-83be-9998e8ef411b,b24f2b9d-a05b-4f8f-82c7-21225c64ff20,SEG,07:30,09:10,P,2023-07-24 18:08:14.071088
c6f25ab3-0928-4966-8bd3-620169c32f0c,b24f2b9d-a05b-4f8f-82c7-21225c64ff20,TER,07:30,09:10,P,2023-07-24 18:08:14.071088
ef24856d-96be-4ffa-9852-40890777483d,07ff552b-f6e4-40b4-a922-c1e75f8a590f,SEG,15:20,17:00,T,2023-07-24 18:08:14.071088
02c08fc4-32ac-4dee-9a06-f6b177e2b262,07ff552b-f6e4-40b4-a922-c1e75f8a590f,QUA,13:30,15:10,P,2023-07-24 18:08:14.071088
ef202f44-2819-4176-b26b-3bd0441504d6,5370367b-6266-4708-a383-3e1dbf0bf9bd,TER,13:30,15:10,T,2023-07-24 18:08:14.071088
0eade2c7-2877-4404-a02b-ee06c91f02bd,5370367b-6266-4708-a383-3e1dbf0bf9bd,QUI,15:20,17:00,P,2023-07-24 18:08:14.071088
375ce58a-6dc2-4213-9629-53a80c6ed426,d07c7c1e-7ba5-4e6a-879f-63a7f465a0a8,QUA,19:00,20:40,T,2023-07-24 18:08:14.071088
0dab3391-caf9-4a80-bc13-95f8acbda6c9,8042fdcb-8b4b-42c7-b357-334a0710e420,TER,21:00,22:40,T,2023-07-24 18:08:14.071088
39a339ec-b1bd-47fd-8431-61741d24fe77,8042fdcb-8b4b-42c7-b357-334a0710e420,QUI,19:00,20:40,P,2023-07-24 18:08:14.071088
6b109371-fc47-459d-8f51-06f56feeec7f,4206303a-f700-4601-b285-0b786e8c733f,TER,21:00,22:40,T,2023-07-24 18:08:14.071088
7dba622d-6e2a-47f9-bd10-e96b7a139f15,4206303a-f700-4601-b285-0b786e8c733f,QUI,17:10,18:00,P,2023-07-24 18:08:14.071088
9c8d7f41-a903-4d6b-8a4c-0f65d2010aa0,4206303a-f700-4601-b285-0b786e8c733f,QUI,19:00,19:50,P,2023-07-24 18:08:14.071088
5a88af0c-adb4-47b1-84de-b205d4d369b4,2cf15083-d396-4605-a5e2-a919a91826fa,SEG,13:30,15:10,T,2023-07-24 18:08:14.071088
51c91032-827e-4ac0-845b-416cb0202ce8,2cf15083-d396-4605-a5e2-a919a91826fa,QUA,15:20,17:00,P,2023-07-24 18:08:14.071088
75901ac8-10e9-4a40-8588-149065f4589d,9ea6b1be-5c56-4434-b460-818a2d64dbc4,SEG,13:30,15:10,T,2023-07-24 18:08:14.071088
65d07901-7bfe-4aff-95b1-f77fd442f3fc,9ea6b1be-5c56-4434-b460-818a2d64dbc4,QUA,15:20,16:10,P,2023-07-24 18:08:14.071088
604a37d5-8b3a-4a29-abfa-1d49e77f511f,9ea6b1be-5c56-4434-b460-818a2d64dbc4,QUA,17:10,18:00,P,2023-07-24 18:08:14.071088
4f0a828c-f64c-4111-ae99-00a98cc872e2,f9cb1fce-21fd-4787-8268-896c293dcb65,SEG,21:00,22:40,T,2023-07-24 18:08:14.071088
7bba4449-1816-4593-8e7a-ff780fcb9fd2,3c2419d6-8810-4a77-bddd-4fc9cca34c7f,QUA,21:00,22:40,T,2023-07-24 18:08:14.071088
1336cb69-d4b4-469a-9164-b4eb09ee7a15,3c2419d6-8810-4a77-bddd-4fc9cca34c7f,SEX,19:00,20:40,P,2023-07-24 18:08:14.071088
3585e4e7-3d0a-43a1-ada5-33b61f62b3fd,6c6e4584-3106-471d-87a4-8571894836f4,QUA,15:20,17:00,T,2023-07-24 18:08:14.071088
517472b2-c530-41de-aea7-ed8cc9e056ba,6c6e4584-3106-471d-87a4-8571894836f4,SEX,13:30,15:10,P,2023-07-24 18:08:14.071088
8520068d-d615-4e7a-9364-98e3138a3390,8733c191-74b5-4a41-b573-282015d8d86f,SEG,15:20,17:00,T,2023-07-24 18:08:14.071088
ed927eda-9e37-4e48-97d3-2d7af00fef53,8733c191-74b5-4a41-b573-282015d8d86f,QUA,15:20,17:00,P,2023-07-24 18:08:14.071088
82c39b2e-85b4-4a9a-84d5-ca6382196624,c50803e9-b296-41b3-9254-08f0fe080093,SEG,15:20,17:00,T,2023-07-24 18:08:14.071088
c202a97a-2c95-4d70-862d-dea483dd6d77,c50803e9-b296-41b3-9254-08f0fe080093,QUA,15:20,16:10,P,2023-07-24 18:08:14.071088
940e5ee1-85ee-4f27-99c8-2b12551fdf2e,c50803e9-b296-41b3-9254-08f0fe080093,QUA,17:10,18:00,P,2023-07-24 18:08:14.071088
8333ffa6-7ac0-4b68-ae80-6bac88765db5,0e01a44c-0e8d-44d2-8430-9b1c5af38443,SEG,15:20,17:00,T,2023-07-24 18:08:14.071088
5bf27825-28a5-42a3-aa25-c18684d0f422,0e01a44c-0e8d-44d2-8430-9b1c5af38443,QUI,15:20,17:00,P,2023-07-24 18:08:14.071088
ffaf6655-36ed-4255-8c2f-dbed35dd3bf3,e2d53336-c60d-4437-9c68-1b2a07d79fd1,TER,15:20,17:00,T,2023-07-24 18:08:14.071088
a1d6886c-b34d-46ec-8cea-2778c12745d6,e2d53336-c60d-4437-9c68-1b2a07d79fd1,SEX,15:20,17:00,P,2023-07-24 18:08:14.071088
4f8a34e5-66d9-484e-9247-78d4749e084a,a1805164-d3f6-4524-868b-28d9dcccdb23,TER,21:00,22:40,P,2023-07-24 18:08:14.071088
61ea67ae-0e22-44c8-8afe-f715cb36be3f,a1805164-d3f6-4524-868b-28d9dcccdb23,SEX,19:00,20:40,T,2023-07-24 18:08:14.071088
031e35b7-dadc-4636-9ccf-8cdea8ff20f8,a95d3ec3-c66f-4607-aec9-9174b67e3744,TER,17:10,18:00,P,2023-07-24 18:08:14.071088
d7360681-d350-4d03-93cc-58501ca4de70,a95d3ec3-c66f-4607-aec9-9174b67e3744,TER,21:00,21:50,P,2023-07-24 18:08:14.071088
2498ba03-0ede-4a54-b834-b37caa7234f0,a95d3ec3-c66f-4607-aec9-9174b67e3744,SEX,19:00,20:40,T,2023-07-24 18:08:14.071088
136343ed-2fb6-4b35-8e44-2771bc7606b5,0d9d93cd-fe10-4ba4-b228-050a719ea25a,SEG,21:00,22:40,T,2023-07-24 18:08:14.071088
6c335c5f-fccb-45b1-8180-285307d715b8,0d9d93cd-fe10-4ba4-b228-050a719ea25a,QUI,21:00,22:40,T,2023-07-24 18:08:14.071088
1b00656b-e10d-4ce4-93b7-1b072c31295c,29dd7968-1077-46cd-af06-4d10e65d5380,TER,19:00,20:40,T,2023-07-24 18:08:14.071088
fd460dda-7e7c-487e-b97c-4df7d254bf9f,29dd7968-1077-46cd-af06-4d10e65d5380,SEX,19:00,20:40,P,2023-07-24 18:08:14.071088
5a6610ec-897f-4996-9b08-22460dfda3fa,832c4db1-d07d-4bcd-b0eb-0266ec8f7cac,TER,19:00,20:40,T,2023-07-24 18:08:14.071088
1ea49e1a-9997-43d4-977d-e259f9391e19,832c4db1-d07d-4bcd-b0eb-0266ec8f7cac,SEX,17:10,18:00,P,2023-07-24 18:08:14.071088
e9cb7db9-9b6d-48aa-b199-3243ec219c1c,832c4db1-d07d-4bcd-b0eb-0266ec8f7cac,SEX,19:00,19:50,P,2023-07-24 18:08:14.071088
fcc8efa4-033d-46d6-9237-fdaca54401c1,4aebad42-568a-4533-8e1b-c202e40a1f9f,QUA,13:30,15:10,T,2023-07-24 18:08:14.071088
e3bd7a9c-2727-44c8-8ea3-e1cd437b7c6c,4aebad42-568a-4533-8e1b-c202e40a1f9f,SEX,15:20,17:00,P,2023-07-24 18:08:14.071088
63ed8980-ba5d-469f-a320-c74ee52e92ec,063fe384-e8ae-4b0c-9263-2856d9ed07c7,QUA,21:00,22:40,P,2023-07-24 18:08:14.071088
383f8aab-2926-4d57-835a-8755b876f884,063fe384-e8ae-4b0c-9263-2856d9ed07c7,SEX,21:00,22:40,T,2023-07-24 18:08:14.071088
66b0d1d8-683b-4ced-8ce1-db764cf7d665,18a28fab-5f09-490a-9557-e9afaf7b9329,QUA,17:10,18:00,P,2023-07-24 18:08:14.071088
9d2a9ccc-168a-428b-a62a-8e750ea9c099,18a28fab-5f09-490a-9557-e9afaf7b9329,QUA,21:00,21:50,P,2023-07-24 18:08:14.071088
78b5cf63-2108-4be3-a097-db22d9bc501f,18a28fab-5f09-490a-9557-e9afaf7b9329,SEX,21:00,22:40,T,2023-07-24 18:08:14.071088
1a03ac22-0db6-42ea-ae23-27e42cca7a62,aa6e55a3-dd2f-45b3-9f7f-77dfc1817220,SEG,19:00,20:40,T,2023-07-24 18:08:14.071088
248a1a21-11aa-45da-a1d2-773a9bfb0fc7,aa6e55a3-dd2f-45b3-9f7f-77dfc1817220,QUA,19:00,20:40,P,2023-07-24 18:08:14.071088
c4e3a669-529b-4d05-bb4a-7858471eb41f,a018c799-b0d1-4ef8-bb22-cc75a311aa8d,SEG,19:00,20:40,T,2023-07-24 18:08:14.071088
ef2670c9-9934-46d0-8817-6ab14eb6f04f,a018c799-b0d1-4ef8-bb22-cc75a311aa8d,QUA,17:10,18:00,P,2023-07-24 18:08:14.071088
d44e4531-4fd1-4e06-a4d8-7217a67e1ef9,a018c799-b0d1-4ef8-bb22-cc75a311aa8d,QUA,19:00,19:50,P,2023-07-24 18:08:14.071088
ee90598a-db84-47c1-8f94-a172e8163cba,915f09ec-239e-407c-a0b0-bc279cf5c12c,SEG,21:00,22:40,T,2023-07-24 18:08:14.071088
225cb33c-75d8-4087-8453-f7a2cf8cb994,915f09ec-239e-407c-a0b0-bc279cf5c12c,QUI,19:00,20:40,P,2023-07-24 18:08:14.071088
f928d069-d952-485d-99b6-c4832bb294d4,831c8ccb-17d1-40c6-b8b0-ac8d911fec5f,TER,19:00,20:40,T,2023-07-24 18:08:14.071088
b1573649-8910-411f-82b5-eccfaa11a602,831c8ccb-17d1-40c6-b8b0-ac8d911fec5f,SEX,21:00,22:40,P,2023-07-24 18:08:14.071088
69bb330e-6e40-4d49-b0ac-5e3eac0cc88c,95cd0f57-8fca-4fb2-8ddb-2e60274f8e71,TER,15:20,17:00,T,2023-07-24 18:08:14.071088
a0e0f08e-c40a-4207-90dd-b6c0c477532a,95cd0f57-8fca-4fb2-8ddb-2e60274f8e71,QUI,15:20,17:00,P,2023-07-24 18:08:14.071088
a49a8a6e-7164-47f9-91db-6b016c781419,e409a996-a77c-46e8-b65c-f3f3963cf6e6,TER,13:30,15:10,T,2023-07-24 18:08:14.071088
3d56737e-1cf4-4310-8c58-7483234f72fd,e409a996-a77c-46e8-b65c-f3f3963cf6e6,QUI,15:20,17:00,P,2023-07-24 18:08:14.071088
8591889d-a4b4-406a-9e57-0636ec94948d,04382969-aef0-47e5-b2e2-c41e5bcc80ed,TER,21:00,22:40,T,2023-07-24 18:08:14.071088
48535dff-02fb-45b3-abe8-8cf0742642ee,04382969-aef0-47e5-b2e2-c41e5bcc80ed,QUI,19:00,20:40,P,2023-07-24 18:08:14.071088
ebe70853-4026-466c-b6e6-1766f877ebde,70c53864-05c6-4661-9060-428725649903,TER,19:00,20:40,T,2023-07-24 18:08:14.071088
4799dfa7-27c9-4f08-bd92-7801cbfc9803,70c53864-05c6-4661-9060-428725649903,QUI,21:00,22:40,P,2023-07-24 18:08:14.071088
22cb2c92-d3bb-4956-a91b-708e9fd4a997,8670c7d5-ccd0-4893-a49f-639b9c62e7d5,SEG,13:30,15:10,T,2023-07-24 18:08:14.071088
74ac3cd0-f203-422d-960d-f3a3f2f2dca6,8670c7d5-ccd0-4893-a49f-639b9c62e7d5,QUI,13:30,15:10,P,2023-07-24 18:08:14.071088
54771e3b-cc45-4881-a336-5e5962129eec,ca753850-dadc-44e5-8f60-b4dd25532a51,QUA,19:00,20:40,T,2023-07-24 18:08:14.071088
51b93cfc-6e23-4c00-ab5c-04b90d64da9e,ca753850-dadc-44e5-8f60-b4dd25532a51,SEX,21:00,22:40,P,2023-07-24 18:08:14.071088
09366d50-f24a-45ca-ba9b-9a050115c6be,9d5339d8-91c0-42ae-8e9f-599ab71bcd26,QUA,19:00,20:40,T,2023-07-24 18:08:14.071088
70b53076-edd2-436f-97bb-685fe05e6884,9d5339d8-91c0-42ae-8e9f-599ab71bcd26,SEX,17:10,18:00,P,2023-07-24 18:08:14.071088
e592c568-0521-4ec4-b38c-0dd74f3d38b2,9d5339d8-91c0-42ae-8e9f-599ab71bcd26,SEX,21:00,21:50,P,2023-07-24 18:08:14.071088
d6c0684d-b778-464b-9671-2fc5d4fd29ed,fbc7e156-fa2b-4642-bd0b-17e240015f55,QUA,13:30,15:10,T,2023-07-24 18:08:14.071088
d10a5978-e0ac-4925-84a9-d9abef8c87bb,fbc7e156-fa2b-4642-bd0b-17e240015f55,SEX,15:20,17:00,P,2023-07-24 18:08:14.071088
3a07f78e-8293-493f-8d23-ffd7088a05d8,fb99390f-3e5d-426d-98eb-a5ab059e5eb7,SEG,15:20,17:00,P,2023-07-24 18:08:14.071088
803b12ed-d233-4b25-8ddf-8ce497e98c55,fb99390f-3e5d-426d-98eb-a5ab059e5eb7,QUA,13:30,15:10,T,2023-07-24 18:08:14.071088
f2de49cf-59be-4cec-8106-fa2c1e998382,d6f0a127-6198-43e3-9967-b6915d0ed2d6,SEG,15:20,16:10,P,2023-07-24 18:08:14.071088
6f0ab94a-5bc5-4f78-88de-bb8dda1232e3,d6f0a127-6198-43e3-9967-b6915d0ed2d6,SEG,17:10,18:00,P,2023-07-24 18:08:14.071088
b8422ab8-6eac-491d-bc48-9bb968db90b2,d6f0a127-6198-43e3-9967-b6915d0ed2d6,QUA,13:30,15:10,T,2023-07-24 18:08:14.071088
d863b5a3-cd93-4fa9-abdf-9bc9cbd7a179,d6a45dc4-1e9d-457f-8a68-ed3100e5116d,TER,13:30,15:10,T,2023-07-24 18:08:14.071088
fedfd5e3-7a7b-4d3f-a9dd-67ab3f962186,d6a45dc4-1e9d-457f-8a68-ed3100e5116d,SEX,13:30,15:10,P,2023-07-24 18:08:14.071088
121797cd-590a-4d45-aa0d-d8da13041da5,68a664cd-bf2d-48ee-8545-54c9aededfd0,SEG,19:00,20:40,P,2023-07-24 18:08:14.071088
9001dc49-d0de-4d4b-b361-d2da4cd6cbcc,68a664cd-bf2d-48ee-8545-54c9aededfd0,QUA,19:00,20:40,T,2023-07-24 18:08:14.071088
d869c4b2-1d48-486b-a8f6-edb0dfc0a037,041ff3a5-2dc6-4474-8330-6557c987c767,SEG,17:10,18:00,P,2023-07-24 18:08:14.071088
237620d7-e4ef-4674-9375-795d5b01f832,041ff3a5-2dc6-4474-8330-6557c987c767,SEG,19:00,19:50,P,2023-07-24 18:08:14.071088
213c17b8-3236-49e2-b55c-f9cc9e43671e,041ff3a5-2dc6-4474-8330-6557c987c767,QUA,19:00,20:40,T,2023-07-24 18:08:14.071088
39fd017c-de4b-4af2-b685-03e40236483a,ee02594e-2587-42bd-84d8-b8830199183b,SEG,19:00,20:40,T,2023-07-24 18:08:14.071088
2b9c8880-8d05-458b-be67-e1e07d914219,ee02594e-2587-42bd-84d8-b8830199183b,QUI,21:00,22:40,P,2023-07-24 18:08:14.071088
35d06586-91a1-4f30-a6fe-4f4020b19e8b,025232b6-889e-4622-bd93-bc9d50ee87dc,SEG,19:00,20:40,T,2023-07-24 18:08:14.071088
8011524e-edc4-4aa5-82d8-a42b5eae510d,025232b6-889e-4622-bd93-bc9d50ee87dc,QUI,19:00,20:40,P,2023-07-24 18:08:14.071088
dfbfba84-3216-4ef7-b6a0-93326af56d09,b8752979-b482-4715-992b-7513ccc1a294,TER,15:20,17:00,T,2023-07-24 18:08:14.071088
370dad13-dd83-437e-88cd-b0d810496d76,b8752979-b482-4715-992b-7513ccc1a294,SEX,15:20,17:00,T,2023-07-24 18:08:14.071088
3345d857-3de3-4587-8933-ea196ad3a445,5f397857-9848-4f2b-a184-8a598367dbd7,TER,17:10,18:50,P,2023-07-24 18:08:14.071088
c2bcd56a-846e-4059-a33f-fe9b8907915f,5f397857-9848-4f2b-a184-8a598367dbd7,SEX,17:10,18:50,P,2023-07-24 18:08:14.071088
46b32eb4-b3a9-450f-812b-0770c222a5be,f6934374-e710-412d-85f7-82e2e98028db,SEG,13:30,15:10,T,2023-07-24 18:08:14.071088
ffbdfbfc-cd5f-4ec4-b5e2-1227a3eb3f48,f6934374-e710-412d-85f7-82e2e98028db,QUA,15:20,17:00,P,2023-07-24 18:08:14.071088
e1ad2a83-728c-4ccd-93a3-dc37443411cd,8e665e8b-b5b6-44d1-b526-168d0fd86332,SEG,15:20,17:00,T,2023-07-24 18:08:14.071088
f76d4f42-5dca-4bc6-9706-5f6f229c1046,8e665e8b-b5b6-44d1-b526-168d0fd86332,QUI,15:20,17:00,T,2023-07-24 18:08:14.071088
d682256f-7adf-40d6-a661-9f5593f4edea,a8bd0a6f-cd2e-442b-9426-8b5825eb28bd,SEG,17:10,18:50,T,2023-07-24 18:08:14.071088
17207a2b-2a50-4ba6-985b-1f4cf8fb8126,823e27f1-c0ad-4881-b384-a5231c35d89e,SEG,21:00,22:40,T,2023-07-24 18:08:14.071088
410f300c-19ed-4f65-8c36-a52e288d380b,5ee4f216-5ff1-4354-a503-fd13713892c3,TER,15:20,17:00,T,2023-07-24 18:08:14.071088
45d46bd2-82fe-4919-b046-a1740a1f7f60,5ee4f216-5ff1-4354-a503-fd13713892c3,SEX,15:20,16:10,T,2023-07-24 18:08:14.071088
b479c989-2983-459d-914d-815831065219,5ee4f216-5ff1-4354-a503-fd13713892c3,SEX,16:10,17:00,P,2023-07-24 18:08:14.071088
9fa9e43a-6c18-4096-ac72-ce6aa1f10433,bb4d129a-99b0-449d-b773-dd73de832549,SEG,17:10,18:50,T,2023-07-24 18:08:14.071088
0b4a3c9b-7fb2-4402-ae08-9e4ca5660a10,bb4d129a-99b0-449d-b773-dd73de832549,QUI,17:10,18:00,T,2023-07-24 18:08:14.071088
1ebb1d83-2da9-440a-9af7-ed9e37a04854,bb4d129a-99b0-449d-b773-dd73de832549,QUI,18:00,18:50,P,2023-07-24 18:08:14.071088
2f2cf4a1-8c19-4769-89e4-d6d687b1c2af,e881457a-6d7e-43af-969c-fd3dd94dd592,TER,21:00,22:40,T,2023-07-24 18:08:14.071088
0928d3ce-009b-411a-9a97-59e3552781a0,e881457a-6d7e-43af-969c-fd3dd94dd592,SEX,19:00,19:50,T,2023-07-24 18:08:14.071088
cc93b0e4-aad4-47f7-bc6e-49dd4a2737af,e881457a-6d7e-43af-969c-fd3dd94dd592,SEX,19:50,20:40,P,2023-07-24 18:08:14.071088
181c90cd-af78-4300-ac2b-5b08eb948a69,b3788080-32bc-4a62-99de-69956d019a62,TER,21:00,22:40,T,2023-07-24 18:08:14.071088
2865076d-9da3-4298-8fc3-8a3cc714bcdc,b3788080-32bc-4a62-99de-69956d019a62,SEX,19:00,19:50,T,2023-07-24 18:08:14.071088
79a43085-3101-429e-91a8-486f2e2628b9,b3788080-32bc-4a62-99de-69956d019a62,SEX,19:50,20:40,P,2023-07-24 18:08:14.071088
e4afe2cb-5418-430e-8ebd-8f74602efb39,1631b135-5a3b-4918-b7ee-d264b76f6d31,SEG,13:30,15:10,T,2023-07-24 18:08:14.071088
980732d3-8aaa-4368-96a2-be63b6065cc8,1631b135-5a3b-4918-b7ee-d264b76f6d31,QUI,13:30,14:20,T,2023-07-24 18:08:14.071088
b906c57e-a274-4576-b84c-7614c1e732fb,1631b135-5a3b-4918-b7ee-d264b76f6d31,QUI,14:20,15:10,P,2023-07-24 18:08:14.071088
c0b4f497-4c59-45dd-af66-263ba36979e1,db7b33f9-8eb5-4e97-8bed-71537b793b67,TER,19:00,20:40,T,2023-07-24 18:08:14.071088
44f1f5c6-8742-431c-abd0-5c5fef6d9b72,db7b33f9-8eb5-4e97-8bed-71537b793b67,QUI,17:10,18:00,T,2023-07-24 18:08:14.071088
cdd6ca3a-3ee0-4096-8fce-df1c22efd16d,db7b33f9-8eb5-4e97-8bed-71537b793b67,QUI,18:00,18:50,P,2023-07-24 18:08:14.071088
0abae91a-5bed-4835-b183-7a2d68848e2a,bed348c7-0f4a-4e87-9b1a-0b947ec36eec,SEG,13:30,15:10,T,2023-07-24 18:08:14.071088
11721a79-508c-4f2c-8a30-833c6bb1ed97,bed348c7-0f4a-4e87-9b1a-0b947ec36eec,QUI,13:30,14:20,T,2023-07-24 18:08:14.071088
0027cb72-c7cb-41f6-8746-d416452f6f11,bed348c7-0f4a-4e87-9b1a-0b947ec36eec,QUI,14:20,15:10,P,2023-07-24 18:08:14.071088
39842407-cb35-4f69-afb4-e8901c4420af,bf539c92-9bfc-43d0-adcd-9c197b09752a,QUA,15:20,17:00,T,2023-07-24 18:08:14.071088
8e166641-e61a-4aeb-a14e-6cdbc55319b6,bf539c92-9bfc-43d0-adcd-9c197b09752a,SEX,13:30,14:20,T,2023-07-24 18:08:14.071088
0ae84f94-6948-475b-9ff5-fe6a9c28cef5,bf539c92-9bfc-43d0-adcd-9c197b09752a,SEX,14:20,15:10,P,2023-07-24 18:08:14.071088
57776bcf-5123-4069-b56e-7210dcfe010c,4359c50c-07e1-4050-ac27-1c445a913a44,QUA,15:20,17:00,T,2023-07-24 18:08:14.071088
8c013e41-0941-4e0e-8105-02c7e64827ee,4359c50c-07e1-4050-ac27-1c445a913a44,SEX,13:30,14:20,T,2023-07-24 18:08:14.071088
fc90388a-05aa-4bd0-b581-96e13fd84035,4359c50c-07e1-4050-ac27-1c445a913a44,SEX,14:20,15:10,P,2023-07-24 18:08:14.071088
800a592d-2a15-4082-9edf-4b9287f76a93,2da3c745-238f-428f-92e1-2c5b9f6b2917,SEG,21:00,22:40,T,2023-07-24 18:08:14.071088
b45ad7f8-9afc-454d-a5e0-8303c7a14563,2da3c745-238f-428f-92e1-2c5b9f6b2917,QUA,21:00,21:50,T,2023-07-24 18:08:14.071088
991d375e-258e-43fe-bedb-d1174610fd83,2da3c745-238f-428f-92e1-2c5b9f6b2917,QUA,21:50,22:40,P,2023-07-24 18:08:14.071088
fe202e4d-8cfc-4c53-b707-5624130b273f,454193e0-ce6f-421c-914f-8ef42c05e4e6,SEG,21:00,22:40,T,2023-07-24 18:08:14.071088
6d807ab1-5373-4d1a-a3a3-f7ea5e380c1d,454193e0-ce6f-421c-914f-8ef42c05e4e6,QUA,21:00,21:50,T,2023-07-24 18:08:14.071088
ca95f26a-ce4f-4fe2-8066-a0591b1b31a5,454193e0-ce6f-421c-914f-8ef42c05e4e6,QUA,21:50,22:40,P,2023-07-24 18:08:14.071088
45e31530-d35e-4871-accb-c9e54513734a,5e738b6f-f98b-4060-a6f3-bb6ad5f3a559,TER,21:00,22:40,T,2023-07-24 18:08:14.071088
bb4e6e55-2b52-45cf-8611-5b53a964405a,5e738b6f-f98b-4060-a6f3-bb6ad5f3a559,SEX,19:00,19:50,T,2023-07-24 18:08:14.071088
e856d6c4-5bbe-44cc-995d-c709023f66e9,5e738b6f-f98b-4060-a6f3-bb6ad5f3a559,SEX,19:50,20:40,P,2023-07-24 18:08:14.071088
2db62c2f-3d82-461c-b9d7-10e50dec9203,6418ff09-66f1-4ee4-b789-95806b39b30f,SEG,19:00,20:40,T,2023-07-24 18:08:14.071088
dde806cd-e4da-4707-85a0-38c77ef724d7,6418ff09-66f1-4ee4-b789-95806b39b30f,QUA,19:00,19:50,T,2023-07-24 18:08:14.071088
8aeeecef-25a1-4b4a-bd52-9f5a264323e8,6418ff09-66f1-4ee4-b789-95806b39b30f,QUA,19:50,20:40,P,2023-07-24 18:08:14.071088
fdc82d10-da23-477c-93c7-e2584bb86b22,e0454de8-22b4-4714-97f9-0d6db18d192b,SEG,21:00,22:40,T,2023-07-24 18:08:14.071088
a86a70fd-7251-448e-a71a-233ce1c49cdb,e0454de8-22b4-4714-97f9-0d6db18d192b,QUA,21:00,21:50,T,2023-07-24 18:08:14.071088
66e35838-5f98-4afc-bada-eddbc8468c15,e0454de8-22b4-4714-97f9-0d6db18d192b,QUA,21:50,22:40,P,2023-07-24 18:08:14.071088
4bff8f5d-9791-4255-bf40-af4ee0aacf71,5a8e5aad-56ba-40ec-b1d0-ff322be26773,SEG,15:20,17:00,T,2023-07-24 18:08:14.071088
167c5f0e-f547-4158-8184-b3666fdd5034,5a8e5aad-56ba-40ec-b1d0-ff322be26773,QUI,13:30,14:20,T,2023-07-24 18:08:14.071088
200e23a0-da06-4063-b84b-aacc7ad0e570,5a8e5aad-56ba-40ec-b1d0-ff322be26773,QUI,14:20,15:10,P,2023-07-24 18:08:14.071088
ba5ef284-e473-4426-a0a8-9853b9bc2feb,e8b961e6-7f57-42fe-81b6-ff17b586577b,QUA,15:20,17:00,T,2023-07-24 18:08:14.071088
83bb9525-798b-4615-bbb8-efcba4fa08a0,e8b961e6-7f57-42fe-81b6-ff17b586577b,SEX,13:30,14:20,T,2023-07-24 18:08:14.071088
bfb47b97-1b34-42d0-823b-6a7333ab6f4a,e8b961e6-7f57-42fe-81b6-ff17b586577b,SEX,14:20,15:10,P,2023-07-24 18:08:14.071088
8f3019ed-d987-4c1a-90f5-3cefcda7dd4c,41e1ebbf-3888-4ad0-bf42-2a07a3f5b619,SEG,19:00,20:40,T,2023-07-24 18:08:14.071088
75f35762-1e62-4b78-86c4-b0b5ed8f0a5e,41e1ebbf-3888-4ad0-bf42-2a07a3f5b619,QUI,21:00,22:40,P,2023-07-24 18:08:14.071088
1330d2fd-60d4-4d55-8517-1b122471dafb,8e65b452-0f52-414e-bc99-fc651620f4ba,TER,21:00,22:40,T,2023-07-24 18:08:14.071088
af90bd5b-8824-4891-9a11-6e77657edea1,8e65b452-0f52-414e-bc99-fc651620f4ba,QUI,19:00,20:40,T,2023-07-24 18:08:14.071088
3be21bb6-6a85-4e39-b77a-54332a5e3cc2,c95d0b98-c6f3-421f-9fa1-bd07ced62b20,TER,13:30,15:10,T,2023-07-24 18:08:14.071088
9121ff3a-b672-406a-8143-2778baaf47ed,c95d0b98-c6f3-421f-9fa1-bd07ced62b20,QUI,15:20,16:10,T,2023-07-24 18:08:14.071088
52460882-521a-4470-85f9-2d0e0fcdf715,c95d0b98-c6f3-421f-9fa1-bd07ced62b20,QUI,16:10,17:00,P,2023-07-24 18:08:14.071088
9a221353-d56e-452c-9fad-45faa94e9546,49fb07b5-36ce-40a6-892c-5d18ac6872b4,SEG,15:20,17:00,T,2023-07-24 18:08:14.071088
7816b352-1ae5-4b38-bf8c-fa6286d6014c,49fb07b5-36ce-40a6-892c-5d18ac6872b4,QUA,13:30,15:10,T,2023-07-24 18:08:14.071088
69d221f0-2cc7-4f95-96c4-28d6be6d17c3,70605725-38cd-46ee-a07e-0b4d53c3f367,QUA,15:20,17:00,T,2023-07-24 18:08:14.071088
e70f14a5-5672-41e7-bb70-c8b4c01d5740,70605725-38cd-46ee-a07e-0b4d53c3f367,SEX,13:30,15:10,T,2023-07-24 18:08:14.071088
083b4c07-6951-4b6f-9f4b-11cb97e19d6f,9878d306-8626-45ce-8d40-03b9fbb1498a,TER,13:30,15:10,T,2023-07-24 18:08:14.071088
443f5cef-9d7b-4111-9489-60b916b5d89e,9878d306-8626-45ce-8d40-03b9fbb1498a,QUI,15:20,17:00,T,2023-07-24 18:08:14.071088
0a31e120-5b69-454b-89fa-a2fc50a9eb0e,93d73f4e-79c0-4072-a99d-0f7f69325f9a,SEG,21:00,22:40,T,2023-07-24 18:08:14.071088
ac56066a-f5f3-4f61-9b01-daee232101b7,93d73f4e-79c0-4072-a99d-0f7f69325f9a,SEX,19:00,20:40,T,2023-07-24 18:08:14.071088
3de879d6-f35c-43f4-8f9f-907f050c7702,fe6fd04a-60a5-49af-827f-aaa81c883fe0,SEG,19:00,20:40,T,2023-07-24 18:08:14.071088
b86e1e89-5162-4e86-ad35-fa2d5443a5c9,fe6fd04a-60a5-49af-827f-aaa81c883fe0,QUA,19:00,20:40,T,2023-07-24 18:08:14.071088
331742f4-088c-4fd2-b276-ecdac0a6d3e8,dab79532-34b2-4399-bcb2-0930b7dea491,QUA,15:20,17:00,T,2023-07-24 18:08:14.071088
cbdb13aa-9005-473e-a9d0-f992856353db,dab79532-34b2-4399-bcb2-0930b7dea491,SEX,15:20,17:00,T,2023-07-24 18:08:14.071088
b3902ab5-8f4e-4521-bb31-4525bcafb146,7e4342e2-9921-4687-b493-d7df476fac1e,TER,15:20,17:00,T,2023-07-24 18:08:14.071088
6c90faa4-5d80-485a-9fc7-f3ef78d247d7,7e4342e2-9921-4687-b493-d7df476fac1e,SEX,13:30,15:10,T,2023-07-24 18:08:14.071088
095adf80-fc09-4300-ac67-32d786b6fcd7,93933e02-25e8-439d-aaab-1bd8c7aea2d0,QUA,19:00,20:40,T,2023-07-24 18:08:14.071088
6529b30b-3fe9-4085-9923-7ec5b6f7ac94,93933e02-25e8-439d-aaab-1bd8c7aea2d0,SEX,21:00,22:40,T,2023-07-24 18:08:14.071088
db1d0523-a025-4172-9981-42f1b21346fd,ad2fa8f7-8245-4bea-8f60-6ed0ab0b340e,SEG,15:20,17:00,T,2023-07-24 18:08:14.071088
9e814087-833d-4bf8-941c-bb1f66655f23,ad2fa8f7-8245-4bea-8f60-6ed0ab0b340e,TER,13:30,15:10,T,2023-07-24 18:08:14.071088
f5a0875c-ff97-44e4-9d11-ddcd3e3f51f0,fc58e6e8-a54a-4ee7-870f-36b0d6c415be,TER,19:00,20:40,T,2023-07-24 18:08:14.071088
fb08777a-0ec5-485a-93b3-0e6f8fc5dbfe,fc58e6e8-a54a-4ee7-870f-36b0d6c415be,QUA,19:00,20:40,T,2023-07-24 18:08:14.071088
a99a4eab-f30c-4135-b679-a411a08ae1d9,dcf00a2c-4cba-4767-9a4f-b7b55831091e,SEG,15:20,17:00,T,2023-07-24 18:08:14.071088
efedb4d4-d9ee-448c-bcb4-fef2facd0a71,4aaa6640-5dad-4ff4-aeed-aebd3114d8cb,QUI,19:00,20:40,T,2023-07-24 18:08:14.071088
eb8015d7-7eae-42e3-a908-036ccb759893,4aaa6640-5dad-4ff4-aeed-aebd3114d8cb,SEX,19:00,20:40,T,2023-07-24 18:08:14.071088
560f771d-bfe3-4a0a-942e-5df954b4e484,d85497fa-c6cf-4474-a1b1-ebe4ee8d125c,SEG,15:20,17:00,T,2023-07-24 18:08:14.071088
e788e342-1995-4d83-86bb-74d7f7b6b169,d85497fa-c6cf-4474-a1b1-ebe4ee8d125c,TER,13:30,15:10,T,2023-07-24 18:08:14.071088
1bca9a7e-d00a-405f-891a-870183ea3b39,f58f85b3-933b-44fb-a871-57ac42a57f69,SEG,19:00,20:40,T,2023-07-24 18:08:14.071088
9e41a675-4d1b-4bf0-88d5-298dbabc1423,f58f85b3-933b-44fb-a871-57ac42a57f69,QUA,19:00,20:40,T,2023-07-24 18:08:14.071088
b2c35128-5ea6-4ebb-bfec-d333ab63ef3b,7a55ed43-ff6b-47bc-ad84-b8d241b62d51,QUA,13:30,15:10,T,2023-07-24 18:08:14.071088
8807cf74-471c-4f4c-af80-33bbf930fa6d,7a55ed43-ff6b-47bc-ad84-b8d241b62d51,QUI,15:20,17:00,T,2023-07-24 18:08:14.071088
8d7e5fc2-55a0-4cd2-8d6f-939fcf2cd09b,168a8351-db91-4795-a637-421b626d346a,TER,13:30,15:10,T,2023-07-24 18:08:14.071088
ecfe1944-9cd0-49bf-b162-010b6f5cc60f,168a8351-db91-4795-a637-421b626d346a,QUI,15:20,17:00,T,2023-07-24 18:08:14.071088
f716f9e9-e805-4c37-b371-70de0f33aa23,9f63f0ce-7c54-47d0-acfa-144e9e4eca17,QUA,13:30,15:10,T,2023-07-24 18:08:14.071088
aa10b67f-096e-4458-935d-ed9424f52941,9f63f0ce-7c54-47d0-acfa-144e9e4eca17,SEX,15:20,17:00,T,2023-07-24 18:08:14.071088
1f686fc9-a8b5-4c1c-a32c-20a5f01b430b,a36e77a1-020b-4f8f-9b82-08e467d06837,TER,15:20,17:00,T,2023-07-24 18:08:14.071088
108f8ecb-8a8b-4855-898a-11f70367c6ef,a36e77a1-020b-4f8f-9b82-08e467d06837,QUI,13:30,15:10,T,2023-07-24 18:08:14.071088
3fe3cf80-6717-4835-bec0-f5a1728de724,1535f840-5080-4cf0-89ff-029ea5d23337,QUA,21:00,22:40,T,2023-07-24 18:08:14.071088
bbb2c046-73e8-47ba-be2e-9de91cde2554,1535f840-5080-4cf0-89ff-029ea5d23337,SEX,19:00,20:40,T,2023-07-24 18:08:14.071088
53712fea-dca9-4f0f-8f22-3d6f9029bf99,f8496f6a-8a37-49df-b2b0-d9135c841347,QUA,21:00,22:40,T,2023-07-24 18:08:14.071088
0c5e8292-cb95-41e7-b744-fcfffc96a967,f8496f6a-8a37-49df-b2b0-d9135c841347,SEX,19:00,19:50,T,2023-07-24 18:08:14.071088
5151ce5c-327c-42b9-9a3b-ed407cb4b9fc,f8496f6a-8a37-49df-b2b0-d9135c841347,SEX,19:50,20:40,P,2023-07-24 18:08:14.071088
81a90001-1e59-4a69-84ac-a2b2ea8f34de,e36b3394-afcf-4193-8739-4bab450690e4,TER,19:00,20:40,T,2023-07-24 18:08:14.071088
22c1641e-d79e-4744-9ea3-038019ab6a04,e36b3394-afcf-4193-8739-4bab450690e4,QUI,21:00,22:40,T,2023-07-24 18:08:14.071088
e3722fd0-2abb-4d03-8127-43bb2d5144db,6e4089b0-80e8-44c0-b70a-4b64b9d0fcb8,QUA,21:00,22:40,T,2023-07-24 18:08:14.071088
4dd595a7-addd-45d2-8b08-4ed847d76b02,6e4089b0-80e8-44c0-b70a-4b64b9d0fcb8,SEX,21:00,22:40,T,2023-07-24 18:08:14.071088
cc3e9c7b-d68a-44f1-a19c-a6d1a1a6fd2d,4a32d6a4-d60d-4c07-813a-aa035e6134ae,SEG,21:00,22:40,T,2023-07-24 18:08:14.071088
6d427958-c98b-4a06-8b45-c485138d286b,4a32d6a4-d60d-4c07-813a-aa035e6134ae,QUA,21:00,22:40,T,2023-07-24 18:08:14.071088
5d00f5ae-2131-42cd-990e-4bd47dd542a0,f234064c-6bb6-4545-8f08-9cc70f3ee9cb,SEG,13:30,15:10,T,2023-07-24 18:08:14.071088
e1d1d909-c7c8-4d66-b715-91d557cabc08,f234064c-6bb6-4545-8f08-9cc70f3ee9cb,QUI,13:30,14:20,T,2023-07-24 18:08:14.071088
efb87534-dd2c-4325-9474-9798fd258c9d,f234064c-6bb6-4545-8f08-9cc70f3ee9cb,QUI,14:20,15:10,P,2023-07-24 18:08:14.071088
6f425c83-8eba-46ba-8a62-931d42068cd6,bd061a34-5900-4a59-9350-48e90f50ffb4,QUI,15:20,17:00,T,2023-07-24 18:08:14.071088
9c87893d-2eff-4850-8fe2-b31f535bc574,bd061a34-5900-4a59-9350-48e90f50ffb4,SEX,13:30,14:20,T,2023-07-24 18:08:14.071088
1f1a04aa-a345-478f-8033-0f70c6d49cc8,bd061a34-5900-4a59-9350-48e90f50ffb4,SEX,14:20,15:10,P,2023-07-24 18:08:14.071088
87bec3a3-b53b-455b-b000-619f77ca3cb1,ef9ec810-892a-4d5f-abc2-3eca35d0bdcd,TER,21:00,22:40,T,2023-07-24 18:08:14.071088
f7f934fb-9deb-4a27-8ded-99e5472dfaf8,ef9ec810-892a-4d5f-abc2-3eca35d0bdcd,SEX,21:00,21:50,T,2023-07-24 18:08:14.071088
b5167d7d-6cd4-4e23-a08b-51ff300def14,ef9ec810-892a-4d5f-abc2-3eca35d0bdcd,SEX,21:50,22:40,P,2023-07-24 18:08:14.071088
2e92ee68-6838-4137-9bd3-e45ef78ae323,aeb45bcc-960e-40eb-b34d-8f49984d9796,TER,15:20,17:00,T,2023-07-24 18:08:14.071088
ab631d3a-70b4-4466-a098-36cfa0b5c5ff,aeb45bcc-960e-40eb-b34d-8f49984d9796,SEX,15:20,16:10,T,2023-07-24 18:08:14.071088
f5685a15-be14-4218-afef-9e9a9df91f69,aeb45bcc-960e-40eb-b34d-8f49984d9796,SEX,16:10,17:00,P,2023-07-24 18:08:14.071088
0d561aa0-0bbb-40c3-b950-4933b658bac7,4e5c91c0-8881-4af4-aae4-95cef5225c5b,SEG,19:00,20:40,T,2023-07-24 18:08:14.071088
a305b609-4cb9-49dd-99de-160311d38008,4e5c91c0-8881-4af4-aae4-95cef5225c5b,SEX,19:00,19:50,T,2023-07-24 18:08:14.071088
a4cf623c-9091-4b6b-b302-f6b47ee197b5,4e5c91c0-8881-4af4-aae4-95cef5225c5b,SEX,19:50,20:40,P,2023-07-24 18:08:14.071088
1c1e72d3-ed1b-46ab-b9c9-26661a6bb61d,24f711bc-f367-4289-abaf-73fe615504af,SEG,19:00,20:40,T,2023-07-24 18:08:14.071088
de00ad57-ef51-42d3-8e2e-533328490909,24f711bc-f367-4289-abaf-73fe615504af,QUA,21:00,22:40,T,2023-07-24 18:08:14.071088
6cffe45b-9018-493a-9486-573a927187bc,d796ad4f-74c1-4bad-9baf-a7c7d5bc06bf,TER,19:00,20:40,T,2023-07-24 18:08:14.071088
5bfce3b8-8611-4170-97e4-eb95d8fcc192,d796ad4f-74c1-4bad-9baf-a7c7d5bc06bf,QUI,21:00,22:40,T,2023-07-24 18:08:14.071088
6a82acab-a890-419e-8538-0364573a2040,f33bd6c9-72a5-4a50-bc1e-577ce5bcbd93,SEG,13:30,15:10,T,2023-07-24 18:08:14.071088
40e05ccc-5e08-4cbd-885d-d59cc44b9c92,f33bd6c9-72a5-4a50-bc1e-577ce5bcbd93,QUA,15:20,17:00,T,2023-07-24 18:08:14.071088
1cca40e5-b651-4306-a963-fccba41e61cf,a27f856d-201a-40b8-9c42-e2382802d5cd,SEG,21:00,22:40,T,2023-07-24 18:08:14.071088
8fcdbcbf-8625-4fed-acaa-f8588eb9a9ce,a27f856d-201a-40b8-9c42-e2382802d5cd,QUA,21:00,22:40,T,2023-07-24 18:08:14.071088
17b536fb-2169-4ea7-9e49-1a596839f1c6,032c1250-b395-46ec-a06c-d9a1c89b8abf,TER,19:00,20:40,T,2023-07-24 18:08:14.071088
e5eb9c78-7d13-4198-b3ca-21542405351a,032c1250-b395-46ec-a06c-d9a1c89b8abf,QUI,21:00,22:40,T,2023-07-24 18:08:14.071088
e8c0d167-ac79-4c69-beea-29165bf22292,760c688a-4d05-460a-bd41-0f3edb48d7b6,QUI,21:00,22:40,T,2023-07-24 18:08:14.071088
8a0ac4ea-4e02-4d9f-86fa-fbcea14f01df,760c688a-4d05-460a-bd41-0f3edb48d7b6,SEX,21:00,22:40,T,2023-07-24 18:08:14.071088
f47c4f41-f44f-4daf-96b2-9542ca2a1ebe,fb01833e-08db-46e7-a6ba-4fedd4614d2b,QUA,13:30,15:10,T,2023-07-24 18:08:14.071088
b132bba5-2634-416c-b247-4c43830a5606,fb01833e-08db-46e7-a6ba-4fedd4614d2b,SEX,15:20,17:00,T,2023-07-24 18:08:14.071088
f1e6ba17-e686-4fe2-8f43-de4ca015addc,b1823206-dd27-4758-981a-686a42e60b7a,TER,21:00,22:40,T,2023-07-24 18:08:14.071088
04467385-26f9-4bc3-a892-ebae859baa3b,b1823206-dd27-4758-981a-686a42e60b7a,QUI,19:00,20:40,T,2023-07-24 18:08:14.071088
9836578e-03f9-435d-ac9d-38ad8f6c9a62,05c75b31-f115-4058-98c0-42d562a3ed4a,SEG,13:30,15:10,T,2023-07-24 18:08:14.071088
b9a49d2f-2ae0-4cc1-9aa5-b0fe77977da6,05c75b31-f115-4058-98c0-42d562a3ed4a,QUI,13:30,15:10,P,2023-07-24 18:08:14.071088
fdabee37-dac4-4ecf-b521-eb0694af75b1,c5c1abb0-656d-4713-96b9-1c9e0ffba83d,SEG,09:20,11:00,T,2023-07-24 18:08:14.071088
1b6e0096-4dcc-4d1c-90e4-3f29ea8cd989,c5c1abb0-656d-4713-96b9-1c9e0ffba83d,SEX,19:00,20:40,T,2023-07-24 18:08:14.071088
64186ecc-2bff-4c5b-907c-fc4ce9ae0958,5066aa5e-bb7a-46ef-bfaf-b16686c98dec,SEX,17:10,20:40,T,2023-07-24 18:08:14.071088
fb5f3cc9-58a8-4a40-ab40-ee6d464eb0ad,2df6068f-282f-4249-a3e4-1eb1765a0671,SEG,19:00,20:40,T,2023-07-24 18:08:14.071088
e266e289-7728-41f4-bb7b-63a8089cb249,2df6068f-282f-4249-a3e4-1eb1765a0671,SEG,21:00,22:40,P,2023-07-24 18:08:14.071088
50aa9944-8874-4a44-8c7b-44f625b1baca,0d4052e7-9994-432f-b06b-8ecef239b526,SAB,07:30,09:10,T,2023-07-24 18:08:14.071088
7de4c6e4-2d03-424b-b667-8646178cc8e1,8f8e6e75-f125-4de7-86b1-6c2a528c5705,SAB,07:30,09:10,T,2023-07-24 18:08:14.071088
756a565c-a185-4ef0-8477-935557cefaf8,96648458-8705-42ce-b323-5cbb60e79193,SAB,07:30,08:20,P,2023-07-24 18:08:14.071088
6833ec1c-cc35-495e-a623-4c4ec2de4bc1,96648458-8705-42ce-b323-5cbb60e79193,SAB,08:20,09:10,T,2023-07-24 18:08:14.071088
7b849614-7999-4366-a7cf-bbb37af349c6,77b2338b-0f7b-423d-84e4-6660bcacb014,SAB,07:30,08:20,T,2023-07-24 18:08:14.071088
4edeb94b-7c4c-45f9-81c4-2dfbd3186939,77b2338b-0f7b-423d-84e4-6660bcacb014,SAB,08:20,09:10,P,2023-07-24 18:08:14.071088
981847a1-14ac-4230-aa75-9d57cf9c6afb,884fb988-44b7-4d1b-8fe9-cb1b66cbdaec,SAB,07:30,08:20,T,2023-07-24 18:08:14.071088
6118fb66-b23f-4f67-af90-b31e0f4fabdc,884fb988-44b7-4d1b-8fe9-cb1b66cbdaec,SAB,08:20,09:10,P,2023-07-24 18:08:14.071088
088111ae-2114-464e-87d2-d4ce4b899dd6,ba450274-ac15-407e-bdd2-af1979875032,SAB,07:30,08:20,T,2023-07-24 18:08:14.071088
68fb6aa9-4222-4fbe-b155-a062717d1425,ba450274-ac15-407e-bdd2-af1979875032,SAB,08:20,09:10,P,2023-07-24 18:08:14.071088
af8d4277-80c8-42a6-95af-70b57819c81f,8bb263ef-a577-4b5e-a9f7-63e9161cfd19,SAB,07:30,08:20,T,2023-07-24 18:08:14.071088
8d81d1d7-80ea-43d0-b4f8-dd8a3ebbc5a5,8bb263ef-a577-4b5e-a9f7-63e9161cfd19,SAB,08:20,09:10,P,2023-07-24 18:08:14.071088
b23f89d4-c07a-40da-85f9-a5225a79d0f8,1c43bac9-8346-4edb-a3d3-9412549c0d39,SAB,10:10,11:00,P,2023-07-24 18:08:14.071088
53977fbc-523c-4c76-a4e0-d3a04774337f,1c43bac9-8346-4edb-a3d3-9412549c0d39,SAB,11:10,12:00,T,2023-07-24 18:08:14.071088
